segundo;landmark_10_x;landmark_10_y;landmark_10_z;landmark_11_x;landmark_11_y;landmark_11_z;landmark_12_x;landmark_12_y;landmark_12_z;landmark_13_x;landmark_13_y;landmark_13_z;landmark_14_x;landmark_14_y;landmark_14_z;landmark_23_x;landmark_23_y;landmark_23_z;landmark_24_x;landmark_24_y;landmark_24_z;landmark_25_x;landmark_25_y;landmark_25_z;landmark_26_x;landmark_26_y;landmark_26_z;cara_prom_x;cara_prom_y;cara_prom_z;mano_izquierda_prom_x;mano_izquierda_prom_y;mano_izquierda_prom_z;mano_derecha_prom_x;mano_derecha_prom_y;mano_derecha_prom_z;pie_izquierdo_prom_x;pie_izquierdo_prom_y;pie_izquierdo_prom_z;pie_derecho_prom_x;pie_derecho_prom_y;pie_derecho_prom_z;;Etiqueta
0.03;0.4819391965866089;0.40411895513534546;-0.24745848774909973;0.5225030779838562;0.4561777710914612;-0.11540213227272034;0.4548999071121216;0.4703921377658844;-0.10147812962532043;0.5354499816894531;0.5514135360717773;-0.0662846639752388;0.4493076801300049;0.5683738589286804;-0.052063826471567154;0.5154683589935303;0.6380274295806885;-0.005715742241591215;0.47667384147644043;0.6395604610443115;0.00564964534714818;0.5149962902069092;0.7832101583480835;-0.009259497746825218;0.4827955961227417;0.7837110757827759;0.003793710144236684;0.4871420443058014;0.38481583297252653;-0.2511848330497742;0.5424847304821014;0.6578479260206223;-0.15426857769489288;0.4330151528120041;0.6709934026002884;-0.14042041078209877;0.5183401703834534;0.9248827695846558;0.07807826685408752;0.4843089481194814;0.9272636572519938;0.08344084148605664;;vertical
0.07;0.4822614789009094;0.40376147627830505;-0.25211331248283386;0.5225006341934204;0.45587968826293945;-0.1168641671538353;0.45511841773986816;0.47024059295654297;-0.10889217257499695;0.5352762937545776;0.550263524055481;-0.06671667098999023;0.44943109154701233;0.5670598745346069;-0.060232505202293396;0.5154501795768738;0.6368277668952942;-0.003569928929209709;0.4767123758792877;0.6391808390617371;0.0035057261120527983;0.515060544013977;0.7831353545188904;-0.007991309277713299;0.4828402101993561;0.7834325432777405;0.0004619699320755899;0.4873176723718643;0.3842744052410126;-0.2562477722764015;0.5428629368543625;0.6559422165155411;-0.15275532007217407;0.4325818791985512;0.6708972752094269;-0.1451184805482626;0.520350714524587;0.9261317849159241;0.06391396346346785;0.48431360721588135;0.9272802869478861;0.06981615566958983;;vertical
0.1;0.48253217339515686;0.4036901891231537;-0.2503509819507599;0.5225083231925964;0.45566949248313904;-0.11028282344341278;0.4554072618484497;0.46997562050819397;-0.10814392566680908;0.5352509617805481;0.5477764010429382;-0.06232563406229019;0.44943612813949585;0.5647750496864319;-0.060870684683322906;0.515561044216156;0.6368309855461121;0.0001594895584275946;0.4770796000957489;0.6392427682876587;-0.00020910754392389208;0.51645427942276;0.7832390666007996;-0.004724364262074232;0.4829466938972473;0.7841014266014099;-0.0053396462462842464;0.48760358393192293;0.3842218816280365;-0.25465830117464067;0.5447786152362823;0.6480367928743362;-0.14914744347333908;0.4314802438020706;0.670727089047432;-0.1450127176940441;0.5252107779184977;0.9254999756813049;0.04882085913171371;0.4844903349876404;0.9280406634012858;0.05142994411289692;;vertical
0.13;0.48388928174972534;0.4036902189254761;-0.2768860161304474;0.5226991176605225;0.45569851994514465;-0.12353841960430145;0.4559192955493927;0.469976007938385;-0.13754013180732727;0.5358307957649231;0.5485559701919556;-0.07350655645132065;0.4487956464290619;0.5648813247680664;-0.09570695459842682;0.5160424113273621;0.6368358135223389;0.006362267769873142;0.4775730073451996;0.6393497586250305;-0.006413368508219719;0.5206311941146851;0.7829383015632629;0.00924301240593195;0.48294955492019653;0.7842137217521667;-0.009059812873601913;0.4887778729200363;0.3841805845499039;-0.28020407259464264;0.5525548160076141;0.6484275907278061;-0.15474306792020798;0.4272599592804909;0.6726884990930557;-0.17800648882985115;0.5282061894734701;0.9227766195933024;0.05782747043607136;0.4842316210269928;0.9280616243680319;0.052738696647187076;;vertical
0.17;0.48562100529670715;0.4041617214679718;-0.2674427032470703;0.5227802395820618;0.4547690153121948;-0.12299272418022156;0.4563842713832855;0.4704418480396271;-0.13166260719299316;0.5367096066474915;0.5453965067863464;-0.07259010523557663;0.44771313667297363;0.5655555129051208;-0.08986768871545792;0.5168061256408691;0.6372718214988708;0.007994984276592731;0.47802266478538513;0.6403244733810425;-0.00804551225155592;0.5276117324829102;0.7822089791297913;0.013692090287804604;0.48283153772354126;0.7843247056007385;-0.008806046098470688;0.4902322471141815;0.3843592703342438;-0.2710453554987907;0.556344211101532;0.6410881727933884;-0.15204112231731415;0.4237227961421013;0.675035759806633;-0.17048678547143936;0.5306683381398519;0.9185523788134257;0.06329473139097293;0.4838575025399526;0.9282712936401367;0.05177224613726139;;vertical
0.2;0.48842933773994446;0.40494364500045776;-0.2672118842601776;0.5231289863586426;0.4543147683143616;-0.12168044596910477;0.45701611042022705;0.47072651982307434;-0.1320800632238388;0.5395485758781433;0.54405277967453;-0.07740646600723267;0.44561105966567993;0.5672273635864258;-0.09506898373365402;0.5180184245109558;0.6381617188453674;0.008833383210003376;0.4788178503513336;0.641566812992096;-0.00887974351644516;0.5322858095169067;0.7809169292449951;0.014909728430211544;0.4827587902545929;0.7844048142433167;-0.007563233375549316;0.4926509827375412;0.38497956097126007;-0.27017091810703275;0.5661652684211731;0.6280140727758408;-0.17859741672873497;0.4208560734987259;0.6760441213846207;-0.1766248494386673;0.533342162768046;0.9145830472310384;0.06619287716845672;0.4835672577222188;0.9283581574757894;0.0540573401376605;;vertical
0.23;0.4915083348751068;0.40553662180900574;-0.252936989068985;0.5236603021621704;0.4530775249004364;-0.0997222512960434;0.4578947126865387;0.4708422124385834;-0.1270211637020111;0.5424755811691284;0.5388404726982117;-0.05426223948597908;0.44358670711517334;0.5672646760940552;-0.08774183690547943;0.5190536379814148;0.6387569904327393;0.013291398994624615;0.4796796143054962;0.6426282525062561;-0.013329897075891495;0.5351147055625916;0.7794621586799622;0.022477056831121445;0.4828646183013916;0.7846382260322571;-0.011542942374944687;0.4952439069747925;0.3853424549102783;-0.254606032371521;0.5742848962545395;0.6202329844236374;-0.15837938711047173;0.41795390099287033;0.6754121482372284;-0.17217451333999634;0.5357441504796346;0.9119957685470581;0.07201916227738063;0.4831382830937703;0.9287450710932413;0.04352416160206;;vertical
0.27;0.49473777413368225;0.40584561228752136;-0.2577030658721924;0.524969756603241;0.4522971212863922;-0.10106074810028076;0.46000805497169495;0.4708690345287323;-0.13101965188980103;0.5469270944595337;0.5358934998512268;-0.05450471118092537;0.4415375292301178;0.5667695999145508;-0.09793460369110107;0.5204914212226868;0.6387825012207031;0.0168008953332901;0.48119184374809265;0.642609179019928;-0.0168421883136034;0.5364838242530823;0.7774994969367981;0.022549208253622055;0.48333996534347534;0.7845108509063721;-0.017960363999009132;0.49825756549835204;0.3854442536830902;-0.25828328877687456;0.5860284268856049;0.6150280237197876;-0.15767110139131546;0.41221002489328384;0.6715013235807419;-0.18100691214203835;0.53646320104599;0.9121874968210856;0.07175500132143497;0.4828154345353444;0.9290053844451904;0.035112921769420304;;vertical
0.3;0.498939573764801;0.40701282024383545;-0.25596216320991516;0.5261688828468323;0.45146459341049194;-0.08920184522867203;0.46266379952430725;0.4708757698535919;-0.12956610321998596;0.5506502389907837;0.5304297804832458;-0.04782538115978241;0.4398607909679413;0.5666104555130005;-0.09771432727575302;0.521710991859436;0.6390174031257629;0.02109500579535961;0.4829994738101959;0.6425806283950806;-0.021132156252861023;0.5372830033302307;0.7765699625015259;0.02931966446340084;0.48401832580566406;0.7841655611991882;-0.018672877922654152;0.5022011190652848;0.38613931834697723;-0.2556157737970352;0.5941008180379868;0.5991284400224686;-0.1598682627081871;0.40578171610832214;0.6671567112207413;-0.17602404206991196;0.5364265044530233;0.9127454360326132;0.07917415288587411;0.48267464836438495;0.9289991855621338;0.04126042624314626;;vertical
0.33;0.5036288499832153;0.4069739878177643;-0.20745794475078583;0.5281619429588318;0.45050913095474243;-0.048383135348558426;0.4669150710105896;0.4697076976299286;-0.1044047474861145;0.5535951852798462;0.5233048796653748;-0.0024784354027360678;0.439659059047699;0.5630462765693665;-0.08114878088235855;0.523222029209137;0.6393868923187256;0.02418888732790947;0.4853670299053192;0.6425512433052063;-0.02421044558286667;0.5364276170730591;0.7764741778373718;0.03235388547182083;0.484905481338501;0.7838078737258911;-0.027377590537071228;0.50640849173069;0.386140176653862;-0.2064640074968338;0.6005029231309891;0.576592355966568;-0.11029919236898422;0.4031660780310631;0.6584406048059464;-0.1475287228822708;0.5363391836484274;0.9128403464953104;0.0794730664541324;0.4825724959373474;0.929034948348999;0.029118371506532032;;girando
0.37;0.5090658664703369;0.4069597125053406;-0.1955690234899521;0.5300595760345459;0.44977661967277527;-0.03278551995754242;0.4695207178592682;0.4698657691478729;-0.09698313474655151;0.5533416867256165;0.5154176354408264;0.0006199285853654146;0.43947362899780273;0.5612273812294006;-0.0661989375948906;0.525404155254364;0.6398811936378479;0.026049945503473282;0.4879668653011322;0.6425306797027588;-0.026051564142107964;0.5358126163482666;0.7760998010635376;0.03637712448835373;0.4862286150455475;0.7831230163574219;-0.025596262887120247;0.5110833764076232;0.38624766767024993;-0.19381863996386528;0.5984435379505157;0.5601935684680939;-0.12456847913563251;0.40068547427654266;0.6540103405714035;-0.10887785628437996;0.5363419651985168;0.9132525126139323;0.08675998821854591;0.4825194279352824;0.9290034770965576;0.035895527030030884;;girando
0.4;0.5144002437591553;0.4069383442401886;-0.18550324440002441;0.5322104692459106;0.4490605890750885;-0.01439131423830986;0.473509818315506;0.46992242336273193;-0.10121165215969086;0.5539349317550659;0.5111244320869446;0.034901686012744904;0.4399022161960602;0.5592366456985474;-0.07346556335687637;0.527832567691803;0.64133620262146;0.033837173134088516;0.4916903078556061;0.6429330706596375;-0.0338536873459816;0.5357931852340698;0.7762283682823181;0.05891990661621094;0.4887126386165619;0.7831220030784607;-0.022869426757097244;0.5156944274902344;0.3862933278083801;-0.18291483744978904;0.601759523153305;0.5469691157341003;-0.06977449636906385;0.39684878289699554;0.6492262929677963;-0.11760961823165417;0.536501963933309;0.9134493867556254;0.12058652689059575;0.4827782114346822;0.9289845625559489;0.04030147691567739;;girando
0.43;0.5192239880561829;0.40646371245384216;-0.1684054285287857;0.5344690084457397;0.4490719735622406;0.01210200134664774;0.47810885310173035;0.46943309903144836;-0.10265473276376724;0.558253824710846;0.5123426914215088;0.0787641704082489;0.4415736794471741;0.5535497069358826;-0.09548920392990112;0.5304878354072571;0.6429547071456909;0.041528183966875076;0.49638277292251587;0.6431361436843872;-0.041535522788763046;0.5357216596603394;0.7781990170478821;0.06487122178077698;0.49161720275878906;0.7833658456802368;-0.029719950631260872;0.5197634339332581;0.38601804077625274;-0.16305578947067262;0.6122886836528778;0.5303630977869034;0.002493142557796091;0.39827392995357513;0.6367043405771255;-0.14105207845568657;0.537028988202413;0.9146921833356222;0.12461572140455246;0.48259998361269635;0.929012676080068;0.0381355540206035;;girando
0.47;0.5240187644958496;0.40543419122695923;-0.15086890757083893;0.5362383723258972;0.4489450752735138;0.04278888180851936;0.481322318315506;0.4690382182598114;-0.09570026397705078;0.5576136112213135;0.511867880821228;0.14725996553897858;0.444987028837204;0.5500306487083435;-0.09370574355125427;0.5336663126945496;0.6443507671356201;0.045472897589206696;0.5012244582176208;0.6435699462890625;-0.04548721760511398;0.5360323786735535;0.7819631099700928;0.07265020161867142;0.4962499737739563;0.7833871841430664;-0.032608773559331894;0.5240093827247619;0.38544377088546755;-0.14317679330706595;0.6077222526073456;0.5161596089601517;0.12587609700858593;0.400379940867424;0.6319915801286697;-0.14302190765738487;0.536595086256663;0.9150664409001669;0.13493826985359192;0.4826257526874542;0.9287290374437968;0.03582417964935303;;girando
0.5;0.5282121300697327;0.4048817753791809;-0.18185575306415558;0.5368424654006958;0.44977062940597534;0.04068366065621376;0.48484382033348083;0.46874114871025085;-0.12857839465141296;0.5564209222793579;0.5125085115432739;0.193419948220253;0.4481489360332489;0.5475484728813171;-0.14615915715694427;0.535908043384552;0.6464573740959167;0.053153056651353836;0.5061062574386597;0.6462319493293762;-0.05324545502662659;0.5366676449775696;0.7851835489273071;0.09598979353904724;0.5014297366142273;0.7856907248497009;-0.03131965547800064;0.5275114834308624;0.3851514905691147;-0.17287605106830597;0.6059864163398743;0.500994972884655;0.24248070642352104;0.40180545300245285;0.6326567828655243;-0.21147451177239418;0.5362427035967509;0.915140430132548;0.17339652280012766;0.4821462432543437;0.9289444088935852;0.06305589713156223;;girando
0.53;0.5319526791572571;0.4045390784740448;-0.16648150980472565;0.5361507534980774;0.4497893452644348;0.05644165351986885;0.4902995824813843;0.4662940800189972;-0.12441285699605942;0.5468138456344604;0.5141989588737488;0.18407875299453735;0.45749515295028687;0.5417259931564331;-0.11763540655374527;0.5369126200675964;0.6459190249443054;0.057783812284469604;0.5086795687675476;0.6461659073829651;-0.05783114209771156;0.537331223487854;0.784887433052063;0.07131480425596237;0.5114545822143555;0.7860185503959656;-0.05298740044236183;0.5309646308422089;0.38500547409057617;-0.15546493269503117;0.6015570610761642;0.4954514801502228;0.20099066570401192;0.40907998383045197;0.6257178783416748;-0.1563533879816532;0.5361388127009074;0.9163779417673746;0.1319391280412674;0.4805893401304881;0.9266788164774576;0.01861695945262909;;girando
0.57;0.5361169576644897;0.40442511439323425;-0.1777588576078415;0.5357054471969604;0.4474673271179199;0.05594833567738533;0.49631384015083313;0.46254023909568787;-0.17418135702610016;0.5427461862564087;0.5080597996711731;0.26233503222465515;0.4664805829524994;0.5386093258857727;-0.18987464904785156;0.5369960069656372;0.642930805683136;0.0716959536075592;0.5109446048736572;0.6446054577827454;-0.07190406322479248;0.538639485836029;0.7847634553909302;0.0731123685836792;0.519433856010437;0.7856733202934265;-0.07227753847837448;0.5344482600688935;0.3849005252122879;-0.16570074260234832;0.5913191884756088;0.49147412180900574;0.39719541370868683;0.4205254390835762;0.6208886504173279;-0.23031996563076973;0.5359243551890055;0.916511336962382;0.1841200292110443;0.4795450766881307;0.9185425639152527;0.04057008447125554;;girando
0.6;0.5406087636947632;0.40360525250434875;-0.11341404169797897;0.5350873470306396;0.4468238949775696;0.08588918298482895;0.502892017364502;0.45823386311531067;-0.15324045717716217;0.5400079488754272;0.5012270212173462;0.2593478858470917;0.47846922278404236;0.5315564274787903;-0.17208383977413177;0.5368173122406006;0.6388379335403442;0.07503069937229156;0.5130853652954102;0.6399031281471252;-0.07519522309303284;0.5389320254325867;0.7803026437759399;0.06665190309286118;0.5260502099990845;0.7836692929267883;-0.08478167653083801;0.5382788062095643;0.38356414437294006;-0.09960223454982042;0.5789692550897598;0.4892839044332504;0.3503969833254814;0.43742483109235764;0.611617311835289;-0.20834361389279366;0.5364803671836853;0.9171170592308044;0.16432425379753113;0.4842519561449687;0.9122462868690491;0.02490927278995514;;girando
0.63;0.5433005690574646;0.4022861421108246;-0.05933108553290367;0.5343844890594482;0.44626984000205994;0.11927994340658188;0.5073381662368774;0.4543707072734833;-0.14375481009483337;0.5282922983169556;0.5173019766807556;0.22449642419815063;0.4907723069190979;0.5243481397628784;-0.22031903266906738;0.5364285707473755;0.6363080143928528;0.08222519606351852;0.5154784321784973;0.6370376944541931;-0.08234912902116776;0.5391213297843933;0.7749494314193726;0.08945146948099136;0.5307828783988953;0.7794376015663147;-0.08422629535198212;0.5413475513458252;0.3822288691997528;-0.04574912376701832;0.5444121211767197;0.5677304863929749;0.2611934542655945;0.4596138149499893;0.5970987379550934;-0.3154815211892128;0.537509044011434;0.9176037510236105;0.15268191446860632;0.49055591225624084;0.9134475588798523;-0.026007349835708737;;girando
0.67;0.5461671352386475;0.40108299255371094;-0.051231324672698975;0.5336716771125793;0.44529110193252563;0.11831437051296234;0.5136659145355225;0.4484712779521942;-0.14225822687149048;0.5199334025382996;0.5181065797805786;0.17923219501972198;0.5024030804634094;0.5153033137321472;-0.24546554684638977;0.5359705686569214;0.6340494155883789;0.08717826008796692;0.5176459550857544;0.6347584128379822;-0.08728082478046417;0.5406824946403503;0.7691398859024048;0.10370741039514542;0.5393379330635071;0.7764461040496826;-0.07816609740257263;0.5438209891319274;0.38130913972854613;-0.03813256453722715;0.5135652422904968;0.6066315025091171;0.22397728636860847;0.4829816371202469;0.5868640393018723;-0.36612048000097275;0.5363712509473165;0.9082754453023275;0.16867664953072867;0.502437154452006;0.9138434330622355;-0.023525468694667023;;girando
0.7;0.5496430993080139;0.3998968005180359;-0.0504630021750927;0.5343887209892273;0.4433838427066803;0.11115746945142746;0.5172562003135681;0.44553935527801514;-0.1530640572309494;0.5207555294036865;0.5110552906990051;0.1681324541568756;0.5080103874206543;0.5083773136138916;-0.24112676084041595;0.5356577634811401;0.6338924765586853;0.09046430140733719;0.5206185579299927;0.6343809962272644;-0.09053321182727814;0.5425834655761719;0.7655125856399536;0.11985381692647934;0.5485204458236694;0.7756333947181702;-0.06885737925767899;0.5469128549098968;0.3802638083696365;-0.03765305932611227;0.5167101472616196;0.5889021307229996;0.16474762558937073;0.5011097565293312;0.5810344368219376;-0.31908102333545685;0.5340969562530518;0.9021252393722534;0.18228464325269064;0.5161499381065369;0.9144105116526285;-0.011844695080071688;;girando
0.73;0.5513104796409607;0.4000106155872345;-0.03770250454545021;0.5361793637275696;0.4436827600002289;0.12096989154815674;0.5180841684341431;0.4435475468635559;-0.14849698543548584;0.5234824419021606;0.5342163443565369;0.15927854180335999;0.5163129568099976;0.49884530901908875;-0.24470293521881104;0.5354436635971069;0.6340098977088928;0.08918017148971558;0.5207646489143372;0.6344259977340698;-0.08920639008283615;0.5468025803565979;0.7637576460838318;0.10214897990226746;0.554309070110321;0.7710362672805786;-0.07881379872560501;0.5487045526504517;0.38016503155231474;-0.02483791180420667;0.5301124602556229;0.6312213242053986;0.11093489825725555;0.5237315446138382;0.568881943821907;-0.327001228928566;0.5358744859695435;0.9037657181421915;0.15813019375006357;0.5276425083478292;0.919871985912323;-0.045634752760330834;;girando
0.77;0.553312361240387;0.4000850021839142;-0.010668747127056122;0.5358322262763977;0.4435655474662781;0.14911195635795593;0.5228098630905151;0.44006308913230896;-0.1366502046585083;0.5267890691757202;0.5307634472846985;0.18367555737495422;0.5265618562698364;0.49525171518325806;-0.23862804472446442;0.5351558327674866;0.6316802501678467;0.08979126811027527;0.525200366973877;0.6325977444648743;-0.08975856751203537;0.545202910900116;0.7632841467857361;0.09409439563751221;0.5611779093742371;0.7691447138786316;-0.09022919088602066;0.5511767446994782;0.3801593542098999;0.002204994298517704;0.5374205708503723;0.6228041648864746;0.14694541320204735;0.5479059368371964;0.5644711554050446;-0.33740612119436264;0.536793053150177;0.9046176870663961;0.11679245034853618;0.5412869254748026;0.9232299327850342;-0.07924182216326396;;girando
0.8;0.5570756793022156;0.39939773082733154;0.008992193266749382;0.5356403589248657;0.44116270542144775;0.15565995872020721;0.5289731025695801;0.4367552399635315;-0.11291385442018509;0.5274612307548523;0.5294307470321655;0.1854528784751892;0.5342777967453003;0.4959483742713928;-0.20890571177005768;0.533189058303833;0.6289525628089905;0.08491125702857971;0.5295960903167725;0.6299687027931213;-0.08489391207695007;0.5401974320411682;0.761824905872345;0.09271452575922012;0.5632197260856628;0.7661119103431702;-0.0932866781949997;0.5545165300369262;0.37992451190948484;0.02248002733103931;0.5296448171138763;0.6121716797351837;0.1544145904481411;0.5654321312904358;0.5476985722780228;-0.2562315985560417;0.5341967145601908;0.9052233497301737;0.10719751566648483;0.5591885447502136;0.9246006011962891;-0.1185973013440768;;girando
0.83;0.5601273775100708;0.399433970451355;-0.003056720830500126;0.5341320633888245;0.4391826093196869;0.14537125825881958;0.5338029861450195;0.43361273407936096;-0.12012308090925217;0.5193178653717041;0.5332270264625549;0.1798921376466751;0.5419653654098511;0.4965518116950989;-0.22624710202217102;0.5315840840339661;0.628125786781311;0.08361422270536423;0.5319280624389648;0.6292985677719116;-0.08363466709852219;0.5361942648887634;0.7605367302894592;0.12177112698554993;0.5635336637496948;0.7659990787506104;-0.09153503179550171;0.5576098382472991;0.37993243932723997;0.011035581910982728;0.5193994790315628;0.6237239390611649;0.15625963360071182;0.589945986866951;0.532475084066391;-0.311339296400547;0.5326696634292603;0.904234786828359;0.17822768290837607;0.572169284025828;0.9257876873016357;-0.11240830769141515;;girando
0.87;0.5611081719398499;0.39939793944358826;-0.023152928799390793;0.5308809876441956;0.44182929396629333;0.1279144436120987;0.5410929322242737;0.4366525709629059;-0.13896125555038452;0.5216683745384216;0.5382131338119507;0.17071254551410675;0.5611588358879089;0.4991755485534668;-0.2584453523159027;0.5292555093765259;0.6288450956344604;0.08646398037672043;0.5359588265419006;0.6296083331108093;-0.08656071126461029;0.5364736318588257;0.7639192938804626;0.14229226112365723;0.5656455159187317;0.7662111520767212;-0.05313795059919357;0.5584024012088775;0.37994255125522614;-0.00870557570597157;0.5177845507860184;0.6431257128715515;0.14867501705884933;0.6160102188587189;0.5251068323850632;-0.35141824930906296;0.5317091941833496;0.9058001041412354;0.2155479689439138;0.58531520764033;0.9243504405021667;-0.026249788080652554;;girando
0.9;0.5605352520942688;0.39727720618247986;-0.0021024509333074093;0.5256334543228149;0.44401389360427856;0.1296474188566208;0.5479761362075806;0.4361969530582428;-0.13829189538955688;0.5247990489006042;0.5372121930122375;0.18837592005729675;0.5732627511024475;0.4916971027851105;-0.23119719326496124;0.526509165763855;0.6320787072181702;0.08610780537128448;0.5397011637687683;0.6296973824501038;-0.08625064790248871;0.5365100502967834;0.7643642425537109;0.1548067182302475;0.5659588575363159;0.7670814394950867;-0.03859437257051468;0.5575586020946502;0.3793576091527939;0.009782170644029975;0.5275408327579498;0.6203365474939346;0.20638667792081833;0.6366398483514786;0.5117638409137726;-0.2912275120615959;0.5328266024589539;0.9074588418006897;0.22494635979334512;0.5937745769818624;0.9194822708765665;-0.0026431741813818612;;girando
0.93;0.5603248476982117;0.39414629340171814;0.01823992282152176;0.5222947597503662;0.4454268515110016;0.1154140904545784;0.5577282309532166;0.437483012676239;-0.12827439606189728;0.5085427761077881;0.5199670791625977;0.2377123087644577;0.5889236330986023;0.48628589510917664;-0.24789541959762573;0.5258994698524475;0.6324713230133057;0.08095510303974152;0.5455864071846008;0.630468487739563;-0.08115831762552261;0.5366162061691284;0.7646381258964539;0.1313823014497757;0.5676648616790771;0.7675908803939819;-0.034620966762304306;0.5567347288131714;0.3780658692121506;0.02355401311069727;0.5058424025774002;0.5466355234384537;0.38993339985609055;0.6549658924341202;0.49883871525526047;-0.3749902993440628;0.5336685180664062;0.909036119778951;0.16908528407414755;0.5969189802805582;0.920220692952474;-0.011342604295350611;;girando
0.97;0.5593327283859253;0.3938073515892029;0.049917735159397125;0.5190584659576416;0.4475196599960327;0.08503709733486176;0.5675011277198792;0.4408634603023529;-0.09253016114234924;0.49931126832962036;0.48626038432121277;0.20545630156993866;0.6137074828147888;0.48073118925094604;-0.224069282412529;0.5262739658355713;0.634459376335144;0.06775389611721039;0.5535391569137573;0.6352307796478271;-0.0679052397608757;0.5378380417823792;0.7650380730628967;0.10285487025976181;0.5698439478874207;0.7685846090316772;-0.02307966537773609;0.556371134519577;0.3778517931699753;0.04767660219222307;0.46891651302576065;0.4713946133852005;0.31941986829042435;0.6725419610738754;0.48873771727085114;-0.35659683495759964;0.5349364082018534;0.9092651009559631;0.12473528583844502;0.5960524678230286;0.9211156566937765;-0.0009196999793251356;;girando
1.0;0.5582907795906067;0.39390042424201965;0.09115070104598999;0.5179577469825745;0.450466513633728;0.0724542886018753;0.5730900764465332;0.4426163136959076;-0.06237642839550972;0.49515649676322937;0.479681134223938;0.15153643488883972;0.6195145845413208;0.4765639305114746;-0.16463333368301392;0.5273543000221252;0.6359571218490601;0.05479707196354866;0.5588701963424683;0.6385412216186523;-0.05502457171678543;0.538611114025116;0.7680908441543579;0.0959845781326294;0.5716496706008911;0.7718456387519836;-0.014203882776200771;0.55498006939888;0.37786937355995176;0.08504493571817875;0.46014825254678726;0.46161407232284546;0.2801966294646263;0.6842025071382523;0.4768110290169716;-0.27196305990219116;0.534585177898407;0.9095173478126526;0.13608357310295105;0.5928043723106384;0.9215454657872518;0.02301041843990485;;girando
1.03;0.558219313621521;0.39410945773124695;0.09548965841531754;0.5172209739685059;0.4521644711494446;0.05013751983642578;0.5790848731994629;0.4451732039451599;-0.051879897713661194;0.48772257566452026;0.478558212518692;0.10789228230714798;0.625013530254364;0.47221240401268005;-0.08864329755306244;0.5306617617607117;0.6391624212265015;0.040123239159584045;0.5635571479797363;0.6411731839179993;-0.040426403284072876;0.539844274520874;0.7693662643432617;0.09135353565216064;0.5739780068397522;0.7731106281280518;5,64E+10;0.5545306444168091;0.3780297785997391;0.08832085290923715;0.4494638070464134;0.4607502669095993;0.16147417947649956;0.6936895102262497;0.46299243718385696;-0.11069250851869583;0.5317652026812235;0.909654974937439;0.1407216191291809;0.5924681822458903;0.9213079412778219;0.038126954808831215;;girando
1.07;0.5581501126289368;0.39196544885635376;0.09267855435609818;0.5179886817932129;0.4518324136734009;0.02867099456489086;0.5837756991386414;0.44560229778289795;-0.051762066781520844;0.4866419732570648;0.475969135761261;0.033216025680303574;0.6322277784347534;0.4629421532154083;-0.06086627021431923;0.534143328666687;0.6395450234413147;0.035370077937841415;0.5684608221054077;0.6410529017448425;-0.03568962961435318;0.5416207313537598;0.7703269124031067;0.07959731668233871;0.5762215852737427;0.7744224071502686;0.009366212412714958;0.55423703789711;0.37695046365261076;0.08393273302353918;0.440607525408268;0.46072985976934433;0.017345040338113904;0.6990307569503784;0.4539526477456093;-0.048934994265437126;0.5309956669807434;0.9091773629188538;0.13790189971526465;0.5924000938733419;0.9212984442710876;0.05176837866504987;;girando
1.1;0.5581768155097961;0.39033398032188416;0.07831785827875137;0.5188919901847839;0.45172831416130066;0.003116069594398141;0.5892415046691895;0.4457694888114929;-0.062174227088689804;0.4854016900062561;0.4734356999397278;-0.01999962516129017;0.6414870023727417;0.4582889974117279;-0.06411738693714142;0.5373536348342896;0.6394984126091003;0.031992800533771515;0.572884738445282;0.6408401131629944;-0.0323508083820343;0.5423979759216309;0.7716199159622192;0.07724223285913467;0.5790482759475708;0.7764198780059814;0.02123682014644146;0.5541629254817962;0.3759652554988861;0.06656899615190923;0.43289392441511154;0.45747456699609756;-0.06638122629374266;0.7055765986442566;0.4435783252120018;-0.05009327735751867;0.5316943724950155;0.9100313981374105;0.14094847937424979;0.5915619333585104;0.922533909479777;0.06804522251089413;;girando
1.13;0.5578964352607727;0.3880406618118286;0.09709526598453522;0.5193058848381042;0.45031026005744934;0.018503474071621895;0.5923760533332825;0.44488731026649475;-0.03910037875175476;0.4876575767993927;0.47220033407211304;0.03843648359179497;0.6406843662261963;0.45330142974853516;-0.029213828966021538;0.5399971604347229;0.6396589875221252;0.024079669266939163;0.5766100287437439;0.6406792402267456;-0.024466101080179214;0.542902410030365;0.7764053344726562;0.06620733439922333;0.5807839035987854;0.7816492319107056;0.019724758341908455;0.5537210941314697;0.37415589690208434;0.08275942327454686;0.43605004996061325;0.46581630408763885;0.05544084683060646;0.7063342183828354;0.4367256835103035;0.00783771785791032;0.5334720611572266;0.9182963768641154;0.11925095319747925;0.5906621217727661;0.9244492451349894;0.060427275796731315;;girando
1.17;0.557709276676178;0.3876592218875885;0.07106058299541473;0.5205680131912231;0.449218213558197;-0.03962560370564461;0.5970096588134766;0.44432151317596436;-0.03153495118021965;0.4866882264614105;0.4724890887737274;-0.09298358857631683;0.6464397311210632;0.4488932490348816;-0.009634868241846561;0.5422220230102539;0.6396674513816833;-0.00044600642286241055;0.5800317525863647;0.6401830315589905;-2,27E+09;0.5431926250457764;0.7812675833702087;0.04450329393148422;0.5817050337791443;0.7814471125602722;0.06285063177347183;0.5536178767681121;0.3739867448806763;0.06264906500000507;0.42362284660339355;0.46285659819841385;-0.16195984557271004;0.7093615233898163;0.4284166097640991;0.018752246629446745;0.5365434487660726;0.924043595790863;0.09428591032822926;0.5887770255406698;0.9225849509239197;0.11578222115834554;;girando
1.2;0.5588452219963074;0.38737669587135315;0.06235671788454056;0.5224161148071289;0.4488106071949005;-0.05508260801434517;0.5991308093070984;0.443107545375824;-0.032326556742191315;0.48461490869522095;0.47282737493515015;-0.09742403775453568;0.645418107509613;0.44922196865081787;-0.006639852654188871;0.5441858768463135;0.6396361589431763;-0.004733627196401358;0.5820626020431519;0.6394588947296143;0.0043027340434491634;0.5445895791053772;0.7801400423049927;0.05236627906560898;0.58249831199646;0.7811810374259949;0.06399208307266235;0.5545110464096069;0.37366624772548673;0.04788401327095926;0.4218980073928833;0.4642740711569786;-0.15031838044524193;0.7059678882360458;0.4248995780944824;0.034722788725048304;0.5391380786895752;0.921998659769694;0.10869611551364262;0.5873068372408549;0.92160964012146;0.11415179818868637;;girando
1.23;0.5588778257369995;0.3876193165779114;0.06008394435048103;0.5232576131820679;0.44891172647476196;-0.07832462340593338;0.5995173454284668;0.4427947402000427;-0.020524587482213974;0.48168331384658813;0.4716716706752777;-0.1191827580332756;0.6460456252098083;0.4473944902420044;0.033888887614011765;0.5460925698280334;0.6407060623168945;-0.022489702329039574;0.5837198495864868;0.6394087672233582;0.022044282406568527;0.545773446559906;0.7798517346382141;0.04281224310398102;0.5826228857040405;0.7809368968009949;0.08910629153251648;0.5544492483139039;0.37380447387695315;0.04335785531438887;0.4178547188639641;0.4633205160498619;-0.16379518434405327;0.7016222774982452;0.4243813082575798;0.11060532927513123;0.5423854986826578;0.9224890073140463;0.10324851920207341;0.5855310161908468;0.9207045435905457;0.14713464677333832;;girando
1.27;0.5591863393783569;0.3878282904624939;0.04687841981649399;0.5255842208862305;0.44885894656181335;-0.10529956966638565;0.5990455150604248;0.44263938069343567;-0.008220730349421501;0.48120737075805664;0.47258827090263367;-0.14685550332069397;0.6387906074523926;0.44987753033638;0.07819410413503647;0.5469606518745422;0.6425672173500061;-0.029448650777339935;0.5843775272369385;0.6394312381744385;0.02899959683418274;0.5471349954605103;0.7783317565917969;0.050470199435949326;0.5826395750045776;0.7805950045585632;0.10222401469945908;0.5544928669929504;0.37417376041412354;0.023404930159449576;0.41641853749752045;0.46684345602989197;-0.17482183501124382;0.6916304677724838;0.4228719547390938;0.19191070273518562;0.548748513062795;0.9217614531517029;0.11641846100489299;0.5857446193695068;0.9204114079475403;0.1593291461467743;;girando
1.3;0.5592893958091736;0.3880719840526581;0.016940606757998466;0.5283482670783997;0.4488203227519989;-0.13421973586082458;0.6000961661338806;0.442121684551239;-0.010704563930630684;0.4809219539165497;0.47264114022254944;-0.18216055631637573;0.6351520419120789;0.45064422488212585;0.08432545512914658;0.5486504435539246;0.6429563760757446;-0.036771100014448166;0.5852554440498352;0.639397919178009;0.03630076348781586;0.5472037196159363;0.7779439091682434;0.04937094449996948;0.5826776027679443;0.7803809642791748;0.11095184832811356;0.5546014428138732;0.3752303242683411;-0.009232395561411977;0.41584406048059464;0.4665525108575821;-0.21287137642502785;0.6870011240243912;0.41854751110076904;0.2024892047047615;0.5521391828854879;0.9222121437390646;0.12167225033044815;0.5850979487101237;0.9203656713167826;0.1678865303595861;;girando
1.33;0.5590522289276123;0.3882409334182739;-0.03683425113558769;0.5304957628250122;0.4489411413669586;-0.1858123391866684;0.6016836166381836;0.4421607553958893;-0.03670300915837288;0.4806080460548401;0.47315940260887146;-0.24913203716278076;0.637499988079071;0.44641247391700745;0.06261373311281204;0.5524225234985352;0.6443240642547607;-0.04868195950984955;0.5868794918060303;0.639376699924469;0.048228487372398376;0.5484989285469055;0.7778820395469666;0.05713391676545143;0.5820044279098511;0.7776489853858948;0.1475355476140976;0.5543755352497101;0.3759142398834229;-0.06457911916077137;0.41691937297582626;0.4661497697234154;-0.3020547553896904;0.6746771186590195;0.4199138730764389;0.20066697150468826;0.560836652914683;0.9237203200658163;0.1689174622297287;0.5831381479899088;0.9165838559468588;0.22820874055226645;;girando
1.37;0.5568283796310425;0.3908742368221283;-0.054919641464948654;0.534195601940155;0.4489186406135559;-0.2107936590909958;0.6024062633514404;0.4422181248664856;-0.03801087662577629;0.4823343753814697;0.4739861786365509;-0.2970227897167206;0.6360019445419312;0.4480826258659363;0.08398251980543137;0.5558574199676514;0.6450008749961853;-0.06159984692931175;0.5870971083641052;0.6382590532302856;0.06117822974920273;0.5502032041549683;0.7806364893913269;0.04197114706039429;0.5813667178153992;0.7774041295051575;0.16376502811908722;0.5530718564987183;0.3779318600893021;-0.08520458862185479;0.41953303664922714;0.46760041266679764;-0.3721025362610817;0.6653382778167725;0.42248785495758057;0.23269161209464073;0.564205547173818;0.9268574913342794;0.14645790060361227;0.5822824637095133;0.9184415141741434;0.25534748534361523;;girando
1.4;0.5549174547195435;0.39283487200737;-0.013457274995744228;0.5354529619216919;0.44896236062049866;-0.17156875133514404;0.6014215350151062;0.44250938296318054;0.01782103255391121;0.4832078814506531;0.47536739706993103;-0.21734283864498138;0.6342381238937378;0.44607973098754883;0.1616680920124054;0.5597319006919861;0.6463902592658997;-0.06895376741886139;0.5850178599357605;0.6382359266281128;0.06858605146408081;0.5556738376617432;0.7841116786003113;0.010031316429376602;0.5787726640701294;0.7777291536331177;0.1406760960817337;0.5516900181770324;0.3791870355606079;-0.03868402959778905;0.42210009694099426;0.4691146910190582;-0.21933693066239357;0.6495028734207153;0.41967055946588516;0.32932694256305695;0.5688607494036356;0.9316607316335043;0.0739549919962883;0.5794031818707784;0.9198797742525736;0.2110056827465693;;girando
1.43;0.5504025220870972;0.395429402589798;0.041856348514556885;0.536328136920929;0.44876423478126526;-0.13766902685165405;0.5992909669876099;0.44354677200317383;0.06405270099639893;0.4872928261756897;0.47743088006973267;-0.18977439403533936;0.6093643307685852;0.5173832774162292;0.1676912158727646;0.5576643347740173;0.6471741795539856;-0.06670989096164703;0.5860754251480103;0.6378494501113892;0.06642653048038483;0.5553128123283386;0.7862680554389954;-0.02332836203277111;0.5803731083869934;0.7776167392730713;0.11623305082321167;0.5486316919326782;0.3806436210870743;0.01371436147019267;0.42455601692199707;0.46964438259601593;-0.19063912332057953;0.6017859578132629;0.5565541833639145;0.26955311745405197;0.5687991778055826;0.9414839347203573;0.0020633280898133912;0.5827051401138306;0.9204233686129252;0.1738158663113912;;girando
1.47;0.5494967699050903;0.39595291018486023;0.05358533561229706;0.5378100275993347;0.4491792917251587;-0.1329834759235382;0.5986908674240112;0.44332659244537354;0.07568826526403427;0.494843453168869;0.4775959849357605;-0.16660787165164948;0.6045042276382446;0.49386066198349;0.21366247534751892;0.556984543800354;0.646952748298645;-0.06795786321163177;0.5856624245643616;0.6376529932022095;0.06768626719713211;0.5597816109657288;0.7877514958381653;-0.022409584373235703;0.5800252556800842;0.7770504355430603;0.1174677386879921;0.547928386926651;0.3809200465679169;0.02756826225668192;0.43576284497976303;0.4721629247069359;-0.11663729511201382;0.6107164770364761;0.49933213740587234;0.38001465797424316;0.5690355698267618;0.9468559821446737;-0.010710929481623074;0.5823771754900614;0.9202038645744324;0.16592745979626974;;girando
1.5;0.5491675734519958;0.39590463042259216;0.04012847691774368;0.5439073443412781;0.44685351848602295;-0.14049306511878967;0.5953003168106079;0.443805068731308;0.07185137271881104;0.5054580569267273;0.47753340005874634;-0.22017580270767212;0.6003467440605164;0.5117287039756775;0.19259729981422424;0.5580601096153259;0.6479852795600891;-0.0718349814414978;0.5856109261512756;0.6387399435043335;0.0716191977262497;0.562660813331604;0.7898858189582825;-0.023483850061893463;0.5750079154968262;0.7769838571548462;0.1471753865480423;0.5476710140705109;0.3808273434638977;0.01274872412905097;0.4491056725382805;0.47484345734119415;-0.2540746182203293;0.5886612385511398;0.5475357621908188;0.31123291701078415;0.569521447022756;0.9491588473320007;-0.015071498676358411;0.5802668730417887;0.9192442695299784;0.21310163537661234;;girando
1.53;0.5457683205604553;0.3963342607021332;0.03553473576903343;0.552319347858429;0.43786507844924927;-0.14151015877723694;0.5868294835090637;0.4434313476085663;0.10472467541694641;0.52393639087677;0.47664132714271545;-0.1982174515724182;0.58757483959198;0.5094754099845886;0.22860360145568848;0.5615266561508179;0.6478015184402466;-0.07829907536506653;0.5761748552322388;0.6387220025062561;0.07817202061414719;0.5632935762405396;0.789678692817688;-0.032490525394678116;0.5681929588317871;0.7769144177436829;0.13924400508403778;0.545747721195221;0.3799773156642914;0.00564870263915509;0.4700084403157234;0.4754307344555855;-0.20915239676833153;0.5548811554908752;0.5425586700439453;0.3331807106733322;0.5695567528406779;0.9500012993812561;-0.015410539674727866;0.576294461886088;0.9193628827730814;0.1985937605301539;;girando
1.57;0.5430180430412292;0.3960787057876587;0.04439590871334076;0.5565141439437866;0.4277476966381073;-0.13933156430721283;0.578475296497345;0.44107502698898315;0.12500600516796112;0.5356857180595398;0.4749504625797272;-0.23376116156578064;0.588512659072876;0.5183330774307251;0.23999245464801788;0.5630403757095337;0.6473787426948547;-0.0816521942615509;0.5746942758560181;0.6387078166007996;0.08145322650671005;0.5621812343597412;0.7905758023262024;-0.06125510856509209;0.5645468831062317;0.7774828672409058;0.11514347046613693;0.5439739465713501;0.3772206366062164;0.014255776349455119;0.49210548400878906;0.47428542375564575;-0.30390220880508423;0.5732965618371964;0.5538195967674255;0.3329564109444618;0.5694039066632589;0.9500113725662231;-0.05515918383995692;0.5750675201416016;0.9219032327334086;0.12904306997855505;;girando
1.6;0.5395981669425964;0.3960728347301483;0.039443906396627426;0.5607110261917114;0.42651012539863586;-0.13402807712554932;0.5710432529449463;0.4393893778324127;0.13329072296619415;0.5453727841377258;0.4749087691307068;-0.2864137887954712;0.5792613625526428;0.5229074954986572;0.24048908054828644;0.5645353198051453;0.6472688913345337;-0.08513104915618896;0.5694993138313293;0.6387408971786499;0.0849478617310524;0.5611065030097961;0.7917764186859131;-0.06257279217243195;0.561149001121521;0.7780752182006836;0.11186613142490387;0.5416150391101837;0.3764435946941376;0.010154269507620484;0.5115338265895844;0.4717956706881523;-0.42445407062768936;0.5706345438957214;0.5773545205593109;0.31030477583408356;0.5689873695373535;0.9492092728614807;-0.057072244584560394;0.5709116061528524;0.9217814405759176;0.13319727530082068;;girando
1.63;0.5367791056632996;0.39500242471694946;0.011791305616497993;0.5603762865066528;0.42587822675704956;-0.1465970128774643;0.5665656924247742;0.4392264187335968;0.11114640533924103;0.5468076467514038;0.48728132247924805;-0.1614871770143509;0.5689498782157898;0.517951250076294;0.19193530082702637;0.5643771290779114;0.6460192203521729;-0.08243169635534286;0.5665323138237;0.6383344531059265;0.08235397189855576;0.5609151124954224;0.791405975818634;-0.06506650149822235;0.5571519136428833;0.77576744556427;0.15910683572292328;0.5392929375171661;0.3744277060031891;-0.016134437898290343;0.5307721197605133;0.4778822809457779;-0.06131321005523205;0.5453894138336182;0.5568661242723465;0.2048083320260048;0.5691060821215311;0.9483587741851807;-0.07246059055129687;0.5637082457542419;0.9082292517026266;0.2413446605205536;;girando
1.67;0.534691333770752;0.3947354555130005;-0.006077450234442949;0.5614938139915466;0.4280262589454651;-0.15077657997608185;0.5629902482032776;0.43662071228027344;0.09848538786172867;0.5557250380516052;0.5054633021354675;-0.160344660282135;0.5670807361602783;0.5181972980499268;0.1304125338792801;0.5661405324935913;0.6461083889007568;-0.08117986470460892;0.5641850233078003;0.6383662819862366;0.0811145007610321;0.5604559779167175;0.7912797331809998;-0.06946726888418198;0.5495238900184631;0.7713555693626404;0.16825146973133087;0.5369243204593659;0.3734768807888031;-0.03260835167020559;0.5473762601613998;0.474199116230011;-0.06311289966106415;0.5482829064130783;0.5606866329908371;0.09747063927352428;0.5685298840204874;0.9476670821507772;-0.07739442835251491;0.5607011119524637;0.8971599539120992;0.2627309759457906;;girando
1.7;0.5326274037361145;0.3961998224258423;-0.013577406294643879;0.5605015158653259;0.42829984426498413;-0.14314499497413635;0.556833028793335;0.43759679794311523;0.10762254148721695;0.5679578185081482;0.5073391199111938;-0.2336852103471756;0.5602421760559082;0.5170746445655823;0.17993874847888947;0.568364143371582;0.6477411985397339;-0.08265593647956848;0.5594300031661987;0.6406097412109375;0.08261745423078537;0.5606075525283813;0.7915120720863342;-0.07079745084047318;0.5440206527709961;0.7715266346931458;0.14748485386371613;0.5350589334964753;0.37375413477420805;-0.04169852007180452;0.5607677102088928;0.46769580245018005;-0.28115978837013245;0.5458775013685226;0.5616151541471481;0.18175414204597473;0.5683640638987223;0.9466097553571066;-0.07087558880448341;0.5554689566294352;0.8979790012041727;0.22955124080181122;;girando
1.73;0.5280670523643494;0.39841145277023315;-0.03977283090353012;0.5620818734169006;0.42867711186408997;-0.17073023319244385;0.5511925220489502;0.43978339433670044;0.10241254419088364;0.5730708241462708;0.48443737626075745;-0.3626824915409088;0.5497307181358337;0.5062834620475769;0.28155067563056946;0.5706761479377747;0.6482503414154053;-0.0857774168252945;0.55390864610672;0.6415623426437378;0.08575140684843063;0.561209499835968;0.7914015054702759;-0.0678953155875206;0.5365511178970337;0.7717124223709106;0.150094673037529;0.532196843624115;0.3746154814958572;-0.06639221422374249;0.5785627067089081;0.4673774614930153;-0.5666297376155853;0.5291530042886734;0.513593927025795;0.4385911151766777;0.5686717828114828;0.9454758763313293;-0.059234569470087685;0.5464721918106079;0.899787704149882;0.260904461145401;;girando
1.77;0.5287110805511475;0.3991937041282654;-0.0758248120546341;0.5649338960647583;0.4289949834346771;-0.17604131996631622;0.5450247526168823;0.43993720412254333;0.09565690904855728;0.5776046514511108;0.4804125726222992;-0.36147087812423706;0.5405167937278748;0.4815693199634552;0.2920592725276947;0.5710276961326599;0.6488854289054871;-0.08330779522657394;0.5490814447402954;0.6442174315452576;0.08326409012079239;0.5612257719039917;0.7913430333137512;-0.08030813187360764;0.531090497970581;0.7718295454978943;0.14491765201091766;0.5323622286319732;0.37554267048835754;-0.10126360645517707;0.5994937717914581;0.4709809646010399;-0.587320402264595;0.5081117302179337;0.437997967004776;0.4727374389767647;0.5690251390139262;0.9456658562024435;-0.06648139158884685;0.5369609991709391;0.9024484554926554;0.24997854232788086;;girando
1.8;0.5277569890022278;0.3996347188949585;-0.07280533760786057;0.5660532712936401;0.42980700731277466;-0.17264467477798462;0.5376447439193726;0.4398610293865204;0.09306851029396057;0.5809422135353088;0.4737929105758667;-0.35726314783096313;0.5354852676391602;0.46174314618110657;0.30242329835891724;0.5711869597434998;0.6488053798675537;-0.08143256604671478;0.5454950332641602;0.6439825296401978;0.08136898279190063;0.5610731840133667;0.7912407517433167;-0.08434326201677322;0.5290747284889221;0.7722970247268677;0.13960188627243042;0.5318038463592529;0.37653384506702425;-0.09738561520352959;0.61683090031147;0.47202035039663315;-0.5874359756708145;0.4915042966604233;0.43166766315698624;0.5042351856827736;0.5687456329663595;0.9455642898877462;-0.08013054976860683;0.5299978256225586;0.9050374031066895;0.23958338797092438;;girando
1.83;0.5266345143318176;0.39950037002563477;-0.0950222834944725;0.5679246187210083;0.43377673625946045;-0.17646749317646027;0.53215491771698;0.43966642022132874;0.07416999340057373;0.5872073769569397;0.47426357865333557;-0.35912981629371643;0.5238877534866333;0.4510646462440491;0.28718844056129456;0.5708208084106445;0.6487991809844971;-0.0801607072353363;0.5418949723243713;0.6438912749290466;0.08007709681987762;0.5610191226005554;0.791222870349884;-0.08782073110342026;0.5267892479896545;0.7727605700492859;0.13311731815338135;0.5313413202762604;0.3767828315496445;-0.11738939508795738;0.6309050470590591;0.47429943084716797;-0.5915727615356445;0.47814731299877167;0.4302055388689041;0.4904533326625824;0.5690345168113708;0.9454439679781595;-0.08919426177938779;0.5223035216331482;0.9072439670562744;0.2289745807647705;;girando
1.87;0.5255103707313538;0.3997732102870941;-0.09524942934513092;0.569474995136261;0.43781477212905884;-0.14770157635211945;0.5276902914047241;0.44009536504745483;0.08453594893217087;0.5947662591934204;0.4750397801399231;-0.315106600522995;0.5150256156921387;0.45918557047843933;0.29091155529022217;0.5704744458198547;0.6511895656585693;-0.07658343762159348;0.537927508354187;0.6451895236968994;0.07654818147420883;0.5610059499740601;0.7940953969955444;-0.09213888645172119;0.523849606513977;0.7772961854934692;0.12354352325201035;0.5309580743312836;0.3779752731323242;-0.11519399881362916;0.6447180956602097;0.474763385951519;-0.4726308658719063;0.4647448882460594;0.43376703560352325;0.4757624417543411;0.5695415139198303;0.9454418023427328;-0.10390397161245346;0.5143062074979147;0.9154386719067892;0.21415157616138458;;girando
1.9;0.5240764617919922;0.4005180895328522;-0.07634882628917694;0.5714811086654663;0.44122737646102905;-0.10489606857299805;0.523876428604126;0.44068974256515503;0.10259902477264404;0.6036002039909363;0.4752384424209595;-0.20812495052814484;0.506267249584198;0.45994728803634644;0.3161233067512512;0.5693926811218262;0.6518468260765076;-0.06828715652227402;0.5339143872261047;0.6455814838409424;0.06830339878797531;0.560947835445404;0.7959288358688354;-0.08077052980661392;0.5218451023101807;0.7834929823875427;0.08905744552612305;0.5297636032104492;0.37934004664421084;-0.0933381394483149;0.6561251729726791;0.4748232960700989;-0.34629594534635544;0.45148880034685135;0.4348372593522072;0.5190347582101822;0.5699204802513123;0.9453723629315695;-0.08492737511793773;0.5079227487246195;0.9238546888033549;0.15629450728495917;;girando
1.93;0.5234269499778748;0.4006604850292206;-0.06851852685213089;0.5719358921051025;0.44250088930130005;-0.09111861139535904;0.5212510228157043;0.44134676456451416;0.10301519930362701;0.6081530451774597;0.47583630681037903;-0.19896163046360016;0.49568822979927063;0.45583704113960266;0.2984379529953003;0.5668774843215942;0.6526530385017395;-0.06290867179632187;0.5313296318054199;0.6466307044029236;0.062937892973423;0.5608962774276733;0.7972191572189331;-0.07741931825876236;0.5193946957588196;0.78693026304245;0.07439538091421127;0.5291244745254516;0.37990241348743437;-0.08378501948900521;0.6616073846817017;0.4755391925573349;-0.3469739034771919;0.4384804517030716;0.4326480031013489;0.4821099638938904;0.5705823500951132;0.9453245798746744;-0.06542198980847995;0.5060651004314423;0.9314031600952148;0.13367162148157755;;girando
1.97;0.5225654244422913;0.4006255269050598;-0.07022859156131744;0.5722341537475586;0.443570613861084;-0.07605475187301636;0.5160630941390991;0.4419000744819641;0.09882641583681107;0.6124283671379089;0.47603991627693176;-0.14359648525714874;0.4843383729457855;0.45245322585105896;0.2800828516483307;0.563696026802063;0.6527679562568665;-0.05569969862699509;0.5273472666740417;0.6480396389961243;0.05574076995253563;0.5608618855476379;0.7981039881706238;-0.07147533446550369;0.5171366930007935;0.7896817922592163;0.047512270510196686;0.5283169627189637;0.3800909399986267;-0.08393141124397516;0.669382855296135;0.4774006977677345;-0.25377026945352554;0.42536161094903946;0.43205077946186066;0.41715096682310104;0.5750837326049805;0.9468848903973898;-0.011690762204428514;0.507342000802358;0.9369888106981913;0.10747597490747769;;girando
2.0;0.5221943855285645;0.400665283203125;-0.08679503202438354;0.5720666646957397;0.44418710470199585;-0.06818238645792007;0.5112220048904419;0.44202443957328796;0.08145062625408173;0.612797200679779;0.4763612747192383;-0.10495524108409882;0.47549617290496826;0.4510757625102997;0.21591401100158691;0.5604627728462219;0.652768075466156;-0.04864970222115517;0.5238471031188965;0.6481989026069641;0.04866630584001541;0.5604647397994995;0.7980912923812866;-0.051722973585128784;0.516304612159729;0.7894299626350403;0.043091271072626114;0.5279536306858063;0.380204513669014;-0.09779398199170827;0.6719712167978287;0.47999826818704605;-0.19771111011505127;0.4134840667247772;0.4326154813170433;0.28228870779275894;0.5747697552045187;0.9464001258214315;0.009454463919003805;0.5090070764223734;0.9377310077349345;0.10539532328645389;;girando
2.03;0.5225231647491455;0.40082213282585144;-0.11723355203866959;0.5717529654502869;0.44439730048179626;-0.07288207858800888;0.5050212144851685;0.441891610622406;0.046098608523607254;0.6167709231376648;0.4768863022327423;-0.09400402754545212;0.46094009280204773;0.448049396276474;0.1356656700372696;0.5576786994934082;0.6515772342681885;-0.043262895196676254;0.5186985731124878;0.6475340723991394;0.043263282626867294;0.5594845414161682;0.7982194423675537;-0.046391479671001434;0.5147304534912109;0.7900723814964294;0.0385972335934639;0.5280503392219543;0.38032568991184235;-0.12486638240516186;0.6793862283229828;0.47972729802131653;-0.19011922180652618;0.39961934089660645;0.4313403442502022;0.127671018242836;0.5741044282913208;0.9470988909403483;-0.0007873686651388804;0.508979876836141;0.9378203352292379;0.09487515315413475;;girando
2.07;0.52280193567276;0.4010060727596283;-0.17203374207019806;0.5711672902107239;0.4453715980052948;-0.08408991992473602;0.5012573599815369;0.4417521059513092;-0.01777379773557186;0.6171444654464722;0.4781842529773712;-0.0934133529663086;0.45476871728897095;0.4451792538166046;0.016914203763008118;0.5542287826538086;0.6493610739707947;-0.03048786148428917;0.5139170289039612;0.6463868021965027;0.030430903658270836;0.5579681396484375;0.7982305288314819;-0.035823315382003784;0.5120972990989685;0.7912747859954834;0.02649627812206745;0.5283457219600678;0.38054473102092745;-0.17882375195622444;0.6803900748491287;0.47961241751909256;-0.20095886662602425;0.39235708117485046;0.432888887822628;-0.0713792135939002;0.57350226243337;0.9469494819641113;0.004569587608178456;0.5083967248598734;0.9388397733370463;0.07330889503161113;;girando
2.1;0.5226424932479858;0.40181073546409607;-0.20897521078586578;0.5708728432655334;0.44575241208076477;-0.09997687488794327;0.49766430258750916;0.44178086519241333;-0.04835817962884903;0.6154705286026001;0.4785657227039337;-0.11495793610811234;0.45176762342453003;0.4459095597267151;-0.012471729889512062;0.5514769554138184;0.6468283534049988;-0.029374441131949425;0.5106821656227112;0.643161416053772;0.029330143705010414;0.5547793507575989;0.7981830835342407;-0.04139278456568718;0.5095286965370178;0.7906328439712524;0.028620520606637;0.5283787906169891;0.3810387909412384;-0.21615054905414582;0.6785489022731781;0.48049937188625336;-0.22818633913993835;0.38653192669153214;0.4337141737341881;-0.10000099055469036;0.5704151590665182;0.9463663498560587;-0.005388689537843068;0.5073012908299764;0.9383958180745443;0.07774288207292557;;girando
2.13;0.5218389630317688;0.40192270278930664;-0.23796899616718292;0.568984866142273;0.44688770174980164;-0.12812131643295288;0.4934237599372864;0.4430592656135559;-0.07676855474710464;0.6133893132209778;0.4787449836730957;-0.1326109915971756;0.44709956645965576;0.4465382397174835;-0.04300123453140259;0.5480055809020996;0.6443663835525513;-0.028111925348639488;0.5069336295127869;0.6407066583633423;0.028057370334863663;0.5510985851287842;0.7980935573577881;-0.038608696311712265;0.5072165131568909;0.7907593250274658;0.036333635449409485;0.5279821038246155;0.3812408149242401;-0.24466572254896163;0.6772316098213196;0.48221489042043686;-0.24638700857758522;0.3802550733089447;0.4345822185277939;-0.13749508559703827;0.5666426022847494;0.9467321832974752;-0.004176876197258632;0.506968100865682;0.9388503233591715;0.09208016407986482;;girando
2.17;0.5209645628929138;0.4023837745189667;-0.24060030281543732;0.5651007890701294;0.44849956035614014;-0.13046520948410034;0.49033716320991516;0.4435611069202423;-0.08742045611143112;0.611502468585968;0.47880789637565613;-0.12928971648216248;0.441267728805542;0.44797441363334656;-0.05814569443464279;0.5441582798957825;0.6435699462890625;-0.020564299076795578;0.5035828351974487;0.6406957507133484;0.020479580387473106;0.5481988191604614;0.793739914894104;-0.023552456870675087;0.5056464076042175;0.7907375693321228;0.026365941390395164;0.5273507475852967;0.38199069201946256;-0.24686750769615173;0.6753107756376266;0.4844735413789749;-0.2365674450993538;0.37315239757299423;0.43328696489334106;-0.1500762440264225;0.5619717041651408;0.9437230428059896;0.031015196194251377;0.5056841969490051;0.9383907914161682;0.08319628859559695;;girando
2.2;0.5200234651565552;0.40202102065086365;-0.25673919916152954;0.5626379251480103;0.44983211159706116;-0.13983963429927826;0.48747172951698303;0.44399797916412354;-0.10734298080205917;0.6100113391876221;0.4788492023944855;-0.13679707050323486;0.43647900223731995;0.448611319065094;-0.08581162989139557;0.5412730574607849;0.6405889391899109;-0.01728505827486515;0.5009738802909851;0.6393588781356812;0.01718932017683983;0.5445999503135681;0.7866594791412354;-0.01894497126340866;0.5045589208602905;0.7900901436805725;0.024692589417099953;0.5268247783184051;0.3819132804870605;-0.26197238862514494;0.6727249324321747;0.4860908091068268;-0.24453263729810715;0.36996545642614365;0.4341765344142914;-0.18194745853543282;0.5565575758616129;0.9411576588948568;0.03828975930809975;0.5060777465502421;0.9379294315973917;0.08530283719301224;;girando
2.23;0.519027829170227;0.40079933404922485;-0.2575143873691559;0.5601836442947388;0.4503944516181946;-0.13106808066368103;0.4851273000240326;0.44444456696510315;-0.11600980162620544;0.6094052791595459;0.4787047505378723;-0.12427283078432083;0.4339039921760559;0.4487321972846985;-0.10157440602779388;0.5398081541061401;0.6381356120109558;-0.004795469809323549;0.4989542067050934;0.6387819647789001;0.004732124041765928;0.5432336926460266;0.7803452014923096;0.013602017425000668;0.5042413473129272;0.7886461019515991;0.009155342355370522;0.5262392997741699;0.3815496176481247;-0.2603657469153404;0.6687452048063278;0.48791684955358505;-0.22775234282016754;0.3686402067542076;0.4391372874379158;-0.19355732947587967;0.5536986589431763;0.9297415614128113;0.08443335133294265;0.5061541001001993;0.9374033610026041;0.06897751338935147;;girando
2.27;0.5187522172927856;0.4009597897529602;-0.2645217478275299;0.5585183501243591;0.4503876268863678;-0.13012830913066864;0.4848783314228058;0.44447576999664307;-0.12521247565746307;0.6062996983528137;0.477680504322052;-0.11055739223957062;0.43456384539604187;0.4490148425102234;-0.11189694702625275;0.5382071733474731;0.6368420124053955;0.003496504155918956;0.4969943165779114;0.6385014653205872;-0.0035366935189813375;0.541907012462616;0.7742974162101746;0.03605780005455017;0.5033584833145142;0.7880972027778625;-0.0216489490121603;0.5258291780948638;0.3816769182682037;-0.2680633351206779;0.667434349656105;0.48817867040634155;-0.21332122012972832;0.3696124777197838;0.4452553540468216;-0.20446281507611275;0.5484413107236227;0.9198502699534098;0.13129973659912744;0.5060493548711141;0.936994214852651;0.02957564468185107;;girando
2.3;0.5185936689376831;0.4010152816772461;-0.255637526512146;0.557239830493927;0.4502818286418915;-0.11070862412452698;0.48431748151779175;0.44440773129463196;-0.11689451336860657;0.6031980514526367;0.475827157497406;-0.08835776150226593;0.434723824262619;0.4500473737716675;-0.10205742716789246;0.5375427603721619;0.6363646984100342;0.005708060227334499;0.496548593044281;0.6383947730064392;-0.005732806399464607;0.5408471822738647;0.7733784914016724;0.03763868659734726;0.5029486417770386;0.7858033776283264;-0.022413481026887894;0.5255188941955566;0.38173018395900726;-0.2594150349497795;0.6620036512613297;0.4874635264277458;-0.19477075710892677;0.37024620920419693;0.4480118304491043;-0.1999913938343525;0.5420384407043457;0.9145272572835287;0.13999235381682715;0.5060681104660034;0.9362978537877401;0.031667920450369515;;girando
2.33;0.5184863209724426;0.40091803669929504;-0.25216999650001526;0.5558493137359619;0.45010432600975037;-0.09789925813674927;0.48387473821640015;0.4443371593952179;-0.10981081426143646;0.6007556915283203;0.4748076796531677;-0.06861195713281631;0.43583476543426514;0.4529914855957031;-0.08651560544967651;0.536851167678833;0.6363866925239563;0.007825128734111786;0.4963640570640564;0.6383762359619141;-0.00789151806384325;0.5386555790901184;0.7746573686599731;0.025623979046940804;0.5029139518737793;0.7851197123527527;-0.019231820479035378;0.5251180410385132;0.3816488444805145;-0.2547022640705109;0.6586898565292358;0.48610205948352814;-0.17280825227499008;0.37144045531749725;0.45110782980918884;-0.17942795529961586;0.5347554286321005;0.9104522466659546;0.14292645454406738;0.5063408215840658;0.9348958333333334;0.05512286412219206;;girando
2.37;0.5180718302726746;0.4003920257091522;-0.24242420494556427;0.5551162362098694;0.44991201162338257;-0.08368536084890366;0.4839087128639221;0.44426077604293823;-0.1027989462018013;0.5995410084724426;0.47481170296669006;-0.05758281424641609;0.43516701459884644;0.4576885402202606;-0.07835324853658676;0.5357025265693665;0.6367759704589844;0.01238515879958868;0.4958527684211731;0.6383376717567444;-0.01245579868555069;0.5350896120071411;0.7750624418258667;0.028850462287664413;0.5028193593025208;0.7846577167510986;-0.014355724677443504;0.5243907630443573;0.3812930554151535;-0.24490235149860382;0.6563914716243744;0.4847869649529457;-0.17087876051664352;0.3720840960741043;0.45408742129802704;-0.17351501435041428;0.5298237800598145;0.9097652832667033;0.15427106618881226;0.5063753326733907;0.9339111844698588;0.06326322311845918;;girando
2.4;0.517849862575531;0.40038013458251953;-0.23740831017494202;0.5539315342903137;0.4494699537754059;-0.0820026695728302;0.484230101108551;0.4442625641822815;-0.09730186313390732;0.5952848196029663;0.47378572821617126;-0.05431127920746803;0.4376259446144104;0.45899254083633423;-0.07130936533212662;0.5346102118492126;0.6368125677108765;0.010728818364441395;0.49572041630744934;0.6378495693206787;-0.010805613361299038;0.5318365097045898;0.7762538194656372;0.028614621609449387;0.50313401222229;0.7842044830322266;-0.016242878511548042;0.5239259421825408;0.38126673698425295;-0.23933346718549728;0.6528073251247406;0.48022153973579407;-0.15803135186433792;0.3731223940849304;0.4550325497984886;-0.1613135151565075;0.5295480291048685;0.9074647426605225;0.15458273639281592;0.5062850713729858;0.9328356186548868;0.06413859687745571;;girando
2.43;0.5179816484451294;0.40024545788764954;-0.23770394921302795;0.5534518957138062;0.44811004400253296;-0.08070872724056244;0.4836026430130005;0.44428741931915283;-0.10217727720737457;0.5913914442062378;0.47085151076316833;-0.03485097736120224;0.4391472041606903;0.4602207839488983;-0.08538558334112167;0.5338335633277893;0.6361799836158752;0.00811419915407896;0.49524354934692383;0.6375226974487305;-0.008173090405762196;0.5297049880027771;0.7751501798629761;0.032947927713394165;0.5030173659324646;0.7829784154891968;-0.021963784471154213;0.52383673787117;0.38117286264896394;-0.23885342925786973;0.6479699313640594;0.4780566692352295;-0.10868718661367893;0.37423060834407806;0.45557840168476105;-0.1801183857023716;0.5300328532854716;0.90806116660436;0.15544785062472025;0.5060099959373474;0.9325923919677734;0.06137240957468748;;girando
2.47;0.5180320143699646;0.39965829253196716;-0.23590564727783203;0.5526853799819946;0.4472183585166931;-0.07330450415611267;0.4837223291397095;0.4446216821670532;-0.09621172398328781;0.5895708203315735;0.4700789451599121;-0.03697928413748741;0.4396224617958069;0.46232113242149353;-0.07856889814138412;0.5333914756774902;0.6341593861579895;0.009935128502547741;0.4949209690093994;0.6359620690345764;-0.009981730952858925;0.5304327011108398;0.7725716233253479;0.03174349665641785;0.5031778216362;0.7816038727760315;-0.022435620427131653;0.5238393664360046;0.38085566759109496;-0.23496586084365845;0.6465805321931839;0.47665219753980637;-0.1270741205662489;0.3749333545565605;0.4579298123717308;-0.1741982214152813;0.530378520488739;0.9067493875821432;0.1438893899321556;0.5059057672818502;0.932738463083903;0.04957396537065506;;girando
2.5;0.5181226134300232;0.39933934807777405;-0.25311610102653503;0.5520226359367371;0.44662588834762573;-0.08216976374387741;0.4837731420993805;0.4447113275527954;-0.112971231341362;0.5890299081802368;0.46889612078666687;-0.047981277108192444;0.43959933519363403;0.46341004967689514;-0.09628544002771378;0.5330883860588074;0.6321166157722473;0.012017123401165009;0.49487078189849854;0.634225070476532;-0.012065482325851917;0.5308871269226074;0.7709621787071228;0.03454889357089996;0.5032883882522583;0.780910074710846;-0.02762848325073719;0.5238505840301514;0.38069678843021393;-0.2531624138355255;0.6460982859134674;0.4761042967438698;-0.133905291557312;0.3755573406815529;0.46190307289361954;-0.18809979036450386;0.5297059218088785;0.9055255055427551;0.1501502220829328;0.50609423716863;0.9326592087745667;0.045876385644078255;;vertical
2.53;0.5181863307952881;0.3993069529533386;-0.25001487135887146;0.5515300631523132;0.4464046359062195;-0.06191757321357727;0.48328423500061035;0.44511154294013977;-0.10426472872495651;0.5871975421905518;0.46868979930877686;0.005452830344438553;0.4395202696323395;0.46550723910331726;-0.09059374034404755;0.532889187335968;0.6320144534111023;0.014265569858253002;0.4949336647987366;0.6337888836860657;-0.014295864850282669;0.5304789543151855;0.7714250087738037;0.04291755333542824;0.5030055642127991;0.7800766229629517;-0.025397881865501404;0.5238668859004975;0.38066798746585845;-0.2468363180756569;0.6422214806079865;0.4747062250971794;-0.04808295518159866;0.37620315700769424;0.466860830783844;-0.18718966841697693;0.5298503239949545;0.9071494142214457;0.1443505510687828;0.5056997338930765;0.9323473771413168;0.04702142005165418;;vertical
2.57;0.5182329416275024;0.3993423283100128;-0.24196168780326843;0.5503407120704651;0.4463851749897003;-0.06156519055366516;0.48205703496932983;0.4461093842983246;-0.10041315108537674;0.5867888331413269;0.4682633578777313;-0.0023561252746731043;0.4398204982280731;0.46905815601348877;-0.08033665269613266;0.5329051613807678;0.6313112378120422;0.01253410242497921;0.49512845277786255;0.6333978176116943;-0.012564399279654026;0.5309877991676331;0.7708272337913513;0.044492315500974655;0.5023646354675293;0.7782230973243713;-0.02371852844953537;0.5238090932369233;0.38068812489509585;-0.23705683648586273;0.6401094496250153;0.4743029773235321;-0.06853555236011744;0.3766980841755867;0.47152503579854965;-0.1677962951362133;0.5300908287366232;0.9079006115595499;0.13953512907028198;0.504939059416453;0.9302658240000407;0.044778225322564445;;vertical
2.6;0.5180106163024902;0.399383008480072;-0.20621274411678314;0.5488121509552002;0.4462578594684601;-0.052599359303712845;0.48152491450309753;0.44668760895729065;-0.07703966647386551;0.5837096571922302;0.4680114984512329;0.008657206781208515;0.440099835395813;0.47067949175834656;-0.048044051975011826;0.5324767827987671;0.6305912137031555;0.009553941898047924;0.49487656354904175;0.6329769492149353;-0.009556074626743793;0.5307089686393738;0.7698876857757568;0.02905656024813652;0.5014877915382385;0.7747009992599487;-0.0002813546161632985;0.5234985530376435;0.3806978166103363;-0.20453203320503235;0.6387818604707718;0.4733150601387024;-0.042086406610906124;0.3797084167599678;0.4737729951739311;-0.11692332103848457;0.5292006731033325;0.9080620408058167;0.10575628653168678;0.5024640957514445;0.9242830673853556;0.07843554361412923;;vertical
2.63;0.5173967480659485;0.39945080876350403;-0.15519440174102783;0.5475307106971741;0.44591012597084045;-0.01156881358474493;0.4813787341117859;0.44681134819984436;-0.03533058613538742;0.5821330547332764;0.46811720728874207;0.043044041842222214;0.4402846097946167;0.4715438485145569;-0.0048661865293979645;0.5318746566772461;0.6296325325965881;0.009328763000667095;0.4944886565208435;0.632439911365509;-0.009383665397763252;0.5303931832313538;0.768591582775116;0.022465383633971214;0.5006520748138428;0.7729564309120178;-0.002455342561006546;0.5226470053195953;0.38070507645606994;-0.15249746069312095;0.6387866735458374;0.47346800565719604;-0.010346593742724508;0.38270141184329987;0.47426697611808777;-0.076774419285357;0.5290301243464152;0.9076295693715414;0.09665786723295848;0.500382641951243;0.9205519556999207;0.07327128853648901;;vertical
2.67;0.516440212726593;0.3993071913719177;-0.1261415034532547;0.5466016530990601;0.445595383644104;0.01198110356926918;0.4809001386165619;0.44681400060653687;-0.010276823304593563;0.5799320936203003;0.4688622057437897;0.06402342021465302;0.44086962938308716;0.4722377359867096;0.00591794541105628;0.5313342213630676;0.6296234130859375;0.008541902527213097;0.49414685368537903;0.6322689652442932;-0.008512360043823719;0.5298124551773071;0.7678459882736206;0.022171098738908768;0.49955055117607117;0.7710691690444946;-0.0031088893301784992;0.521636837720871;0.3805398911237717;-0.12298728376626969;0.6374194473028183;0.47368280589580536;0.017591215611901134;0.38527288287878036;0.4760335609316826;-0.08257969841361046;0.5296916365623474;0.9062055548032125;0.09849082802732785;0.49854424595832825;0.9174489974975586;0.07215811746815841;;vertical
2.7;0.5149219632148743;0.39924538135528564;-0.11182323843240738;0.5458031296730042;0.44558489322662354;0.020796220749616623;0.4800507426261902;0.4468294382095337;0.0027527438942342997;0.5783482789993286;0.4749511480331421;0.06741322576999664;0.4409896433353424;0.47410279512405396;0.019162045791745186;0.5310133695602417;0.6298017501831055;0.007975262589752674;0.4937542974948883;0.6322933435440063;-0.007863976061344147;0.5294495820999146;0.7683004140853882;0.017037153244018555;0.4980998635292053;0.771731436252594;-0.005110105965286493;0.5200822591781616;0.38043285608291627;-0.10914202593266964;0.6342322081327438;0.4764658510684967;0.016509810113348067;0.3864805996417999;0.48134948313236237;-0.0719617260619998;0.5300646424293518;0.9063255588213602;0.0941352645556132;0.4974476794401805;0.9178249637285868;0.06699625588953495;;vertical
2.73;0.5132899284362793;0.39924517273902893;-0.11416878551244736;0.5443263053894043;0.44563567638397217;0.021952074021100998;0.4794030785560608;0.44655725359916687;0.004309802781790495;0.5743018984794617;0.47842246294021606;0.09786661714315414;0.4410112798213959;0.48038023710250854;0.03177996724843979;0.5306333899497986;0.6299209594726562;0.005120249930769205;0.49336743354797363;0.6323444247245789;-0.004981716629117727;0.5291955471038818;0.7686293721199036;0.010971829295158386;0.49614372849464417;0.7718979120254517;-0.0055706799030303955;0.5185200035572052;0.3803332358598709;-0.11171160414814948;0.6283490657806396;0.4801044464111328;0.08773087710142136;0.3880983740091324;0.49017930775880814;-0.05076888110488653;0.5302642782529196;0.9060585300127665;0.09574858223398526;0.4973873496055603;0.9169864455858866;0.06722383573651314;;vertical
2.77;0.5122204422950745;0.3984004259109497;-0.12677006423473358;0.5427411794662476;0.44557711482048035;0.015871215611696243;0.4785217046737671;0.446235716342926;-0.007837088778614998;0.5703980326652527;0.4856140911579132;0.11347948759794235;0.4410468339920044;0.48895207047462463;0.011848675087094307;0.5305554866790771;0.6298450231552124;0.0026327967643737793;0.4930722117424011;0.6321751475334167;-0.0025232071056962013;0.5282349586486816;0.7688208222389221;0.005145433824509382;0.4951310157775879;0.7719748616218567;-0.005726613104343414;0.5172433912754059;0.37923086881637574;-0.1241041362285614;0.6240684241056442;0.496310293674469;0.12365548498928547;0.3907109573483467;0.5019139647483826;-0.08023342676460743;0.5298775434494019;0.9053871234258016;0.0978292686243852;0.49720049897829693;0.9160606066385905;0.07101077834765117;;vertical
2.8;0.5105438232421875;0.39759865403175354;-0.11835350841283798;0.5418482422828674;0.4456232786178589;0.012631184421479702;0.47697722911834717;0.4459233283996582;0.008509160950779915;0.5693027377128601;0.49808332324028015;0.07110126316547394;0.4408787190914154;0.4965569078922272;0.02717621438205242;0.5298172831535339;0.629633367061615;-0.0014013736508786678;0.49231231212615967;0.6318134069442749;0.0015390422195196152;0.5273086428642273;0.7689787745475769;-0.001447860966436565;0.4946313500404358;0.7713344097137451;-0.0035940674133598804;0.5157339751720429;0.37828774452209474;-0.11731770932674408;0.6192160397768021;0.512482613325119;0.03411956992931664;0.3923180624842644;0.5134757906198502;-0.0829573217779398;0.5285465121269226;0.9061446388562521;0.07094139729936917;0.49690210819244385;0.9165085554122925;0.06750661320984364;;vertical
2.83;0.5087949633598328;0.3969212472438812;-0.12030159682035446;0.5402657985687256;0.4456402659416199;0.014898092485964298;0.476084440946579;0.44579580426216125;0.008452419191598892;0.5645809769630432;0.5081354975700378;0.0669710785150528;0.4413715898990631;0.5037873983383179;0.018229369074106216;0.5289900302886963;0.6295871138572693;-0.0012192988069728017;0.49160605669021606;0.63170325756073;0.0013445105869323015;0.5271010398864746;0.7696565985679626;-0.0025833442341536283;0.49439191818237305;0.7714669704437256;-0.0040641408413648605;0.5141971826553344;0.37742904126644133;-0.11925140395760536;0.6110252141952515;0.5295572727918625;0.0169672196789179;0.39731360971927643;0.5301676839590073;-0.10876842588186264;0.5278754035631815;0.9084282716115316;0.06774168275296688;0.496995468934377;0.916772186756134;0.06587657053023577;;vertical
2.87;0.5071977376937866;0.3963839113712311;-0.18608780205249786;0.5393813848495483;0.4459016025066376;-0.04373777657747269;0.47574949264526367;0.44574299454689026;-0.038273077458143234;0.5588245987892151;0.5122614502906799;0.041091661900281906;0.44305840134620667;0.509084939956665;0.02743604965507984;0.5279660224914551;0.6293662190437317;-0.002734917448833585;0.49078893661499023;0.6309252381324768;0.0028363848105072975;0.5272129774093628;0.7697861194610596;-0.003852177644148469;0.49382397532463074;0.7711229920387268;-0.000727478414773941;0.5126357108354569;0.37682437598705293;-0.18792132213711737;0.6030387282371521;0.5493302941322327;-0.012310379592236131;0.40310822427272797;0.5586955547332764;-0.024023625999689102;0.5273409287134806;0.9098187685012817;0.05188390690212449;0.49678389231363934;0.9168001214663187;0.0626495466567576;;vertical
2.9;0.5053725838661194;0.3960682153701782;-0.20846082270145416;0.5374729633331299;0.4460284411907196;-0.060859564691782;0.4745166301727295;0.4465377926826477;-0.06480778753757477;0.5518165230751038;0.5193087458610535;-0.0007189952884800732;0.44426628947257996;0.5188133716583252;-0.017680946737527847;0.5270318984985352;0.628879189491272;-0.0022910430561751127;0.48974230885505676;0.6300666332244873;0.0023871990852057934;0.5271607041358948;0.7698439955711365;-0.005709711462259293;0.4935609996318817;0.7712331414222717;-0.0012153423158451915;0.51103555560112;0.3767410725355148;-0.21025004088878632;0.5939131826162338;0.5755370855331421;-0.0894839446991682;0.4080062806606293;0.579858586192131;-0.09804819524288177;0.527245044708252;0.9104488492012024;0.04623895479987065;0.49673932790756226;0.9169218937555949;0.05352249710510174;;vertical
2.93;0.5039931535720825;0.39647218585014343;-0.21372783184051514;0.5364757180213928;0.4462036192417145;-0.0719517320394516;0.47268742322921753;0.4490046203136444;-0.07423211634159088;0.5496654510498047;0.5233622193336487;-0.020845556631684303;0.4462295174598694;0.5280874967575073;-0.03463060408830643;0.5260351300239563;0.6288540363311768;-0.002184211276471615;0.48829734325408936;0.6300649642944336;0.0022512038704007864;0.5268198251724243;0.7714011669158936;-0.0037964722141623497;0.49358049035072327;0.7719470262527466;-0.001411950564943254;0.5096552580595016;0.37704318165779116;-0.21571886986494065;0.5853134542703629;0.5901166498661041;-0.11687425523996353;0.41782961040735245;0.6063171178102493;-0.12079721316695213;0.527124265829722;0.910826583703359;0.05498428363353014;0.49671417474746704;0.9169119596481323;0.05551003540555636;;vertical
2.97;0.5032687783241272;0.3970664143562317;-0.28552451729774475;0.5361989140510559;0.44777071475982666;-0.1247737929224968;0.47123920917510986;0.4517829716205597;-0.13565503060817719;0.5497130155563354;0.5352400541305542;-0.06974764913320541;0.4485548734664917;0.5409772992134094;-0.09744415432214737;0.5257399082183838;0.6288723349571228;-0.001968210097402334;0.48740872740745544;0.6300761103630066;0.002045868430286646;0.5264015197753906;0.7728004455566406;0.0009825146989896894;0.4933198392391205;0.7727875113487244;0.0028700516559183598;0.5087307780981064;0.3774832785129547;-0.28773984462022784;0.5789100229740143;0.6254729181528091;-0.16121653467416763;0.4241204410791397;0.6382956951856613;-0.18376046791672707;0.5270588994026184;0.9114705522855123;0.07710601513584454;0.4967115918795268;0.916989803314209;0.07658755065252383;;vertical
3.0;0.502483606338501;0.3972545862197876;-0.2696918845176697;0.5361146330833435;0.44955500960350037;-0.10436750948429108;0.4709092974662781;0.45336583256721497;-0.12289824336767197;0.5448741316795349;0.5373623967170715;-0.04906374588608742;0.45307207107543945;0.5462871789932251;-0.08805485814809799;0.5246837735176086;0.6293298006057739;-0.0008373711607418954;0.4871394634246826;0.6303013563156128;0.0008560378337278962;0.5259050130844116;0.7733311057090759;0.009803364984691143;0.4929138123989105;0.7728250622749329;0.003387096803635359;0.5077781766653061;0.37757699489593505;-0.27051310539245604;0.5606071054935455;0.6228337436914444;-0.13874608650803566;0.4364067167043686;0.6481993645429611;-0.17650461941957474;0.5270717541376749;0.9123111963272095;0.08669035447140534;0.49676692485809326;0.917113184928894;0.08035899015764396;;vertical
3.03;0.501671552658081;0.39716243743896484;-0.24732829630374908;0.5363032221794128;0.4516434073448181;-0.09124309569597244;0.4710530936717987;0.45460498332977295;-0.11048933863639832;0.5438658595085144;0.5480918884277344;-0.032105691730976105;0.45818549394607544;0.5481380224227905;-0.07228372246026993;0.5246698260307312;0.6290859580039978;-0.00017878695507533848;0.4871680736541748;0.630334734916687;0.0001604500284884125;0.5254570841789246;0.7733296751976013;0.013935349881649017;0.4924105405807495;0.7728453278541565;0.0025783469900488853;0.5070284456014633;0.37753930389881135;-0.24820431917905808;0.5573223829269409;0.6474104523658752;-0.11402611620724201;0.4465007781982422;0.6555532664060593;-0.15817934647202492;0.5269034306208292;0.9127360184987386;0.0843511912971735;0.4967306852340698;0.918084462483724;0.0768882455304265;;vertical
3.07;0.5006376504898071;0.3970319330692291;-0.23310460150241852;0.536166787147522;0.45161300897598267;-0.08130011707544327;0.4710763096809387;0.4554496705532074;-0.10552722960710526;0.539539635181427;0.5439611077308655;-0.022345371544361115;0.46044471859931946;0.5541719794273376;-0.07052509486675262;0.5249254703521729;0.6266607642173767;0.0002389966102782637;0.4874119162559509;0.6290810108184814;-0.0002683838829398155;0.5253593921661377;0.7701202630996704;0.005465595051646233;0.49227720499038696;0.7714390158653259;-0.004978173412382603;0.5062175482511521;0.37748928666114806;-0.23461284786462783;0.5430073142051697;0.6433930844068527;-0.09921518340706825;0.4602932333946228;0.6621065139770508;-0.1488446556031704;0.5269795060157776;0.9124404390652975;0.06193187126579384;0.4966697891553243;0.9182898799578348;0.05191821729143461;;vertical
