segundo;landmark_10_x;landmark_10_y;landmark_10_z;landmark_11_x;landmark_11_y;landmark_11_z;landmark_12_x;landmark_12_y;landmark_12_z;landmark_13_x;landmark_13_y;landmark_13_z;landmark_14_x;landmark_14_y;landmark_14_z;landmark_23_x;landmark_23_y;landmark_23_z;landmark_24_x;landmark_24_y;landmark_24_z;landmark_25_x;landmark_25_y;landmark_25_z;landmark_26_x;landmark_26_y;landmark_26_z;cara_prom_x;cara_prom_y;cara_prom_z;mano_izquierda_prom_x;mano_izquierda_prom_y;mano_izquierda_prom_z;mano_derecha_prom_x;mano_derecha_prom_y;mano_derecha_prom_z;pie_izquierdo_prom_x;pie_izquierdo_prom_y;pie_izquierdo_prom_z;pie_derecho_prom_x;pie_derecho_prom_y;pie_derecho_prom_z;;Etiqueta;Vertical
0.03;0.4840841591358185;0.31597551703453064;-0.22274760901927948;0.5203766822814941;0.37248319387435913;-0.08944517374038696;0.45699331164360046;0.37401145696640015;-0.08779320865869522;0.5261660218238831;0.4741474986076355;-0.04262249544262886;0.4492131471633911;0.47515761852264404;-0.04778469726443291;0.507969856262207;0.5431038737297058;-0.004657086916267872;0.4686810374259949;0.5440202355384827;0.004603201057761908;0.5093026161193848;0.6856845617294312;-0.007360108662396669;0.46232399344444275;0.6874445676803589;-0.0045102499425411224;0.49035913348197935;0.29692679941654204;-0.22490281909704207;0.5237189680337906;0.5747327208518982;-0.12533969804644585;0.44923434406518936;0.5813610106706619;-0.1349856574088335;0.5132049719492594;0.836862583955129;0.040841056033968925;0.454855074485143;0.8358788887659708;0.048738436152537666;;vertical;
0.07;0.48403623700141907;0.3158207833766937;-0.2267959713935852;0.5203544497489929;0.37292277812957764;-0.09167887270450592;0.4565753936767578;0.3739267885684967;-0.09711459279060364;0.5254533886909485;0.47605326771736145;-0.04268303140997887;0.44899147748947144;0.47510749101638794;-0.060359638184309006;0.5078663229942322;0.5432447791099548;-0.0031848608050495386;0.4684918522834778;0.5441204309463501;0.003129738848656416;0.5097126364707947;0.6857617497444153;-0.009288991801440716;0.4622320234775543;0.6881765127182007;-0.0061722686514258385;0.4903124123811722;0.2969243794679642;-0.22881410717964173;0.5234216153621674;0.5754085630178452;-0.12465037405490875;0.44937555491924286;0.5807367265224457;-0.14625589922070503;0.5129675269126892;0.837210456530253;0.05434417352080345;0.4559682309627533;0.8359442551930746;0.05232230635980765;;vertical;
0.1;0.4839881360530853;0.3157270848751068;-0.22722676396369934;0.5203378796577454;0.3731377422809601;-0.09230741113424301;0.45628097653388977;0.373823344707489;-0.09791192412376404;0.5252390503883362;0.4770722985267639;-0.042747024446725845;0.44884324073791504;0.4750688970088959;-0.06165875494480133;0.5077846646308899;0.5434657335281372;-0.002416021190583706;0.4683321416378021;0.5442937016487122;0.0023589394986629486;0.5099688768386841;0.6861534118652344;-0.010649367235600948;0.4621441960334778;0.6890560388565063;-0.007108728867024183;0.4902587115764618;0.29694061875343325;-0.22925374656915665;0.5233768075704575;0.576065868139267;-0.12428595870733261;0.4494452476501465;0.5802901089191437;-0.14764158055186272;0.5128202239672343;0.8375339110692342;0.0568800987675786;0.45638195673624676;0.8360143303871155;0.053689514907697834;;vertical;
0.13;0.4839842915534973;0.3156788647174835;-0.22287090122699738;0.5203353762626648;0.3732825517654419;-0.08775200694799423;0.4561285972595215;0.3737606108188629;-0.09726282954216003;0.5251318216323853;0.4773150682449341;-0.039074093103408813;0.4487544298171997;0.47503960132598877;-0.059222377836704254;0.5077316164970398;0.543747067451477;-0.0015340456739068031;0.46821823716163635;0.5444557070732117;0.0014782658545300364;0.5100672245025635;0.6867504119873047;-0.010811306536197662;0.462114542722702;0.689572274684906;-0.008853460662066936;0.4902321547269821;0.2969561696052551;-0.2247965157032013;0.5235165357589722;0.5760410279035568;-0.12199654243886471;0.44953548163175583;0.5799383819103241;-0.14568429440259933;0.5126886169115702;0.8377370436986288;0.05712474479029576;0.45650890469551086;0.8361129562060038;0.05341143223146597;;vertical;
0.17;0.4839860200881958;0.3156733214855194;-0.22264032065868378;0.5203416347503662;0.37334197759628296;-0.08720213174819946;0.4560794234275818;0.3736509084701538;-0.09601731598377228;0.5250067114830017;0.4774395525455475;-0.038270797580480576;0.4487171769142151;0.4749320447444916;-0.05878188833594322;0.5077193975448608;0.5438280701637268;-0.0010597540531307459;0.46816614270210266;0.5445408225059509;0.001005504745990038;0.5101263523101807;0.6869584321975708;-0.010929957032203674;0.4620745778083801;0.6899358630180359;-0.010019850917160511;0.490233838558197;0.29699691832065583;-0.22467863857746123;0.5239212960004807;0.5760108381509781;-0.1211162768304348;0.44959868490695953;0.5797451138496399;-0.14509928598999977;0.5126032630602518;0.8378490209579468;0.05601972993463278;0.45652637879053753;0.8363105853398641;0.0530848748361071;;vertical;
0.2;0.4840106666088104;0.3156808018684387;-0.21778875589370728;0.5203507542610168;0.3734292685985565;-0.08226655423641205;0.45605742931365967;0.37353771924972534;-0.09234373271465302;0.5250038504600525;0.47741395235061646;-0.03354055434465408;0.44863563776016235;0.47467538714408875;-0.05786850303411484;0.5077179670333862;0.5438907742500305;-0.0007256403914652765;0.46815764904022217;0.5446375608444214;0.0006758698145858943;0.510162889957428;0.6869713664054871;-0.010898915119469166;0.46202975511550903;0.6899920701980591;-0.011148691177368164;0.49024415016174316;0.29707400500774384;-0.21997233480215073;0.5245141535997391;0.5759769529104233;-0.11658935807645321;0.44973618537187576;0.5795130878686905;-0.14441545493900776;0.5125186045964559;0.837823490301768;0.05575334560126066;0.4565209448337555;0.8364404638608297;0.05246994054565827;;vertical;
0.23;0.4840334355831146;0.31571584939956665;-0.21488285064697266;0.5203677415847778;0.3734349310398102;-0.08022847026586533;0.45605215430259705;0.3734288215637207;-0.08872917294502258;0.5250012874603271;0.4773867726325989;-0.03233243525028229;0.44861358404159546;0.4745607376098633;-0.05536409094929695;0.5077130794525146;0.5438729524612427;-0.0007965474505908787;0.46815037727355957;0.5446648001670837;0.0007484781672246754;0.5101820230484009;0.6869066953659058;-0.011466704308986664;0.46191316843032837;0.6900142431259155;-0.011371226981282234;0.4902568101882935;0.29720415472984313;-0.2171830952167511;0.5252127647399902;0.5755703896284103;-0.11543218605220318;0.44981977343559265;0.5792758613824844;-0.14243030175566673;0.5123824675877889;0.8377484877904257;0.0541499728957812;0.45650870601336163;0.8366568485895792;0.04913163371384144;;vertical;
0.27;0.48403677344322205;0.3157542943954468;-0.21015016734600067;0.520393967628479;0.37350013852119446;-0.07704450190067291;0.4560527801513672;0.37338387966156006;-0.08322282880544662;0.5250197052955627;0.47746697068214417;-0.030816243961453438;0.4485771656036377;0.4745308756828308;-0.05014671012759209;0.5076848268508911;0.5438869595527649;-0.0008512800559401512;0.46812060475349426;0.5448181629180908;0.0008048900635913014;0.5102201700210571;0.6869314908981323;-0.012685622088611126;0.4617071747779846;0.6903097033500671;-0.011784754693508148;0.49024922847747804;0.2973020523786545;-0.21230753809213637;0.525783121585846;0.5751943141222;-0.11474110558629036;0.449917770922184;0.5788610875606537;-0.13854712806642056;0.512255867322286;0.8376188079516093;0.053124491746226944;0.456490417321523;0.8368244965871176;0.04801380385955175;;vertical;
0.3;0.48403704166412354;0.3157786428928375;-0.20833854377269745;0.5204161405563354;0.3734990060329437;-0.07562518864870071;0.45604828000068665;0.3733308017253876;-0.08135031163692474;0.5250669717788696;0.4774530529975891;-0.029173241928219795;0.44856515526771545;0.4745645225048065;-0.047875840216875076;0.5076533555984497;0.5438966751098633;-0.0008961069979704916;0.46810126304626465;0.54498690366745;0.0008483874262310565;0.5102683305740356;0.686866819858551;-0.01323402114212513;0.46149715781211853;0.6904059052467346;-0.01172862108796835;0.4902315825223923;0.2973873972892761;-0.21059982627630233;0.5263117104768753;0.5749367922544479;-0.11220264062285423;0.4500502794981003;0.5786087214946747;-0.13639358803629875;0.5121678908665975;0.8373631238937378;0.050315761007368565;0.4564516445000966;0.8369235793749491;0.04692652386923631;;vertical;
0.33;0.48404809832572937;0.31584227085113525;-0.20556144416332245;0.5204808115959167;0.3734997808933258;-0.07382844388484955;0.4560437500476837;0.37323564291000366;-0.07876874506473541;0.5251392722129822;0.47747084498405457;-0.02772408351302147;0.44849106669425964;0.4746098220348358;-0.04563554376363754;0.5076358914375305;0.5441691279411316;-0.0010110916336998343;0.4680781066417694;0.545688807964325;0.0009698197245597839;0.5102807879447937;0.6870158314704895;-0.013116204179823399;0.46131566166877747;0.6908805966377258;-0.011640587821602821;0.49023313224315646;0.2974886417388916;-0.2077919289469719;0.5265935361385345;0.5748092979192734;-0.11092401668429375;0.45029281079769135;0.5784835964441299;-0.13491432555019855;0.5120757023493449;0.8371485273043314;0.0504603236913681;0.45641598105430603;0.8370067675908407;0.04844262637197971;;vertical;
0.37;0.48405492305755615;0.3158908784389496;-0.20635344088077545;0.5205334424972534;0.37353765964508057;-0.07387954741716385;0.4560447335243225;0.37314850091934204;-0.07940881699323654;0.5251821875572205;0.47761157155036926;-0.027088377624750137;0.448401540517807;0.4746619164943695;-0.04599230736494064;0.5075785517692566;0.544345498085022;-0.0011507227318361402;0.4680236876010895;0.5460692644119263;0.001117355190217495;0.5103167295455933;0.687216579914093;-0.01343861036002636;0.4612424969673157;0.6914275884628296;-0.01148941833525896;0.49023422300815583;0.2975682348012924;-0.20853044390678405;0.5266890674829483;0.5746665596961975;-0.10986541956663132;0.4505072981119156;0.5784152448177338;-0.13528688438236713;0.5120006601015726;0.8371443152427673;0.04859464056789875;0.45638729135195416;0.837072471777598;0.048476070165634155;;vertical;
0.4;0.4840613305568695;0.3158973753452301;-0.2075469195842743;0.5205895900726318;0.3735477030277252;-0.07417744398117065;0.4560593068599701;0.37304607033729553;-0.08047527819871902;0.5253252983093262;0.47767284512519836;-0.026265092194080353;0.4483538568019867;0.4746624529361725;-0.04623100906610489;0.5075416564941406;0.5444470643997192;-0.001167448004707694;0.4680066406726837;0.546335756778717;0.0011377884075045586;0.5103870630264282;0.6872175931930542;-0.01363348588347435;0.4611358642578125;0.6919849514961243;-0.011437631212174892;0.4902386128902435;0.29759143590927123;-0.20969601422548295;0.5267914235591888;0.5745120644569397;-0.10823318734765053;0.4506446197628975;0.5783673971891403;-0.1362587958574295;0.51191778977712;0.8370982607205709;0.04809469170868397;0.4563428560892741;0.8373161554336548;0.04844877061744531;;vertical;
0.43;0.4840739965438843;0.31591469049453735;-0.20836076140403748;0.5206828117370605;0.3735429644584656;-0.07506168633699417;0.4561535120010376;0.372909277677536;-0.08098568022251129;0.5254729390144348;0.47768911719322205;-0.02710184082388878;0.44835174083709717;0.474516898393631;-0.046293120831251144;0.5075390338897705;0.5446940064430237;-0.001488613779656589;0.46800804138183594;0.546550989151001;0.0014632283709943295;0.510547935962677;0.6880607008934021;-0.013934632763266563;0.4610574543476105;0.692491888999939;-0.010312880389392376;0.49025288224220276;0.2976190835237503;-0.21031929701566696;0.5267661362886429;0.5745221078395844;-0.10910993628203869;0.4507656469941139;0.5783336162567139;-0.13741111010313034;0.5118937889734904;0.8370521068572998;0.049759055798252426;0.4562738637129466;0.837625781695048;0.05198816924045483;;vertical;
0.47;0.48408859968185425;0.3159244954586029;-0.20886431634426117;0.5207710862159729;0.3734372556209564;-0.07543721795082092;0.45623382925987244;0.37289339303970337;-0.08136116713285446;0.5256771445274353;0.4776979684829712;-0.02711738646030426;0.44839900732040405;0.47449418902397156;-0.0467478409409523;0.507556676864624;0.5451725125312805;-0.0017450173618271947;0.4680294990539551;0.5469889044761658;0.0017226337222382426;0.5107375979423523;0.689855694770813;-0.014419354498386383;0.46094945073127747;0.693223774433136;-0.009398199617862701;0.4902645468711853;0.29763568937778473;-0.2109806254506111;0.5267532169818878;0.5745161026716232;-0.1094316765666008;0.4509485810995102;0.5783438384532928;-0.13790887035429478;0.5119246244430542;0.8373595277468363;0.0511417631059885;0.45620571573575336;0.8379414677619934;0.055104159750044346;;vertical;
0.5;0.4841015934944153;0.31592705845832825;-0.20647358894348145;0.5208191275596619;0.3733372390270233;-0.07418607175350189;0.45626795291900635;0.3728889524936676;-0.0789313018321991;0.525780975818634;0.4777294993400574;-0.026638787239789963;0.4484352469444275;0.4744934141635895;-0.045503340661525726;0.5075543522834778;0.5460724234580994;-0.0020777981262654066;0.4680303931236267;0.5478174686431885;0.0020589169580489397;0.51100093126297;0.6922303438186646;-0.01521478034555912;0.4607640504837036;0.6940184235572815;-0.008447944186627865;0.49027838110923766;0.29764509201049805;-0.20870351046323776;0.5267436802387238;0.574539840221405;-0.10988021455705166;0.45111092925071716;0.5783315747976303;-0.13776417635381222;0.5119653741518656;0.8380088806152344;0.05423501351227363;0.45621350407600403;0.8381754557291666;0.06011705892160535;;vertical;
0.53;0.4841134548187256;0.3159721791744232;-0.20718860626220703;0.5208331346511841;0.373289555311203;-0.07432229816913605;0.4562954306602478;0.37296706438064575;-0.07946982234716415;0.5258282423019409;0.47789251804351807;-0.0268545001745224;0.4484613835811615;0.47455868124961853;-0.045813046395778656;0.5075400471687317;0.5475383400917053;-0.002541244961321354;0.4680249094963074;0.5490991473197937;0.0025220345705747604;0.5112001895904541;0.6937606930732727;-0.015131328254938126;0.4605065882205963;0.6945286393165588;-0.005803351290524006;0.490314194560051;0.29770914614200594;-0.2094302788376808;0.5262746512889862;0.5752263814210892;-0.11005057208240032;0.45117752999067307;0.5784690082073212;-0.1378018744289875;0.5119802753130595;0.8381715615590414;0.05944235622882843;0.4563240309556325;0.8382585644721985;0.0662851999901856;;vertical;
0.57;0.4841252863407135;0.31608614325523376;-0.21585679054260254;0.5208788514137268;0.37336599826812744;-0.08179733157157898;0.45636314153671265;0.37307050824165344;-0.08702079206705093;0.5258198380470276;0.4784359931945801;-0.03293684497475624;0.44847676157951355;0.4750021994113922;-0.05273982137441635;0.5073754191398621;0.5485884547233582;-0.002586595481261611;0.4678648114204407;0.5501887798309326;0.002565356669947505;0.5111982226371765;0.6935967206954956;-0.014402525499463081;0.4603635370731354;0.6956278085708618;-0.0037766899913549423;0.49036195278167727;0.29781603813171387;-0.2185146391391754;0.5253841578960419;0.5766847282648087;-0.1156673151999712;0.4513091892004013;0.5796876549720764;-0.14483818225562572;0.5119211276372274;0.8382491072018942;0.06476387946167961;0.456405113140742;0.8385296662648519;0.07024917472153902;;vertical;
0.6;0.4841275215148926;0.3161330223083496;-0.22444793581962585;0.5208816528320312;0.3734647333621979;-0.08903534710407257;0.45637592673301697;0.373146116733551;-0.09555305540561676;0.5256253480911255;0.4785769581794739;-0.03901943936944008;0.4484817683696747;0.4754248857498169;-0.06011743098497391;0.507160484790802;0.5487578511238098;-0.002504864474758506;0.4676939845085144;0.550497829914093;0.002477865433320403;0.5110633969306946;0.6934024095535278;-0.013976743444800377;0.4602710008621216;0.6961836218833923;-0.003840845078229904;0.49038524329662325;0.2979149281978607;-0.22718906849622728;0.5249423086643219;0.5774952620267868;-0.12098750658333302;0.45136982947587967;0.5808426886796951;-0.14966107159852982;0.5118327935536703;0.8383243680000305;0.06287586091396709;0.4565008083979289;0.8385045131047567;0.06749194200771551;;vertical;
0.63;0.4841381311416626;0.3164208233356476;-0.22758662700653076;0.5209035873413086;0.37371861934661865;-0.09271516650915146;0.4563778340816498;0.37338539958000183;-0.09972897917032242;0.5254858136177063;0.47865456342697144;-0.04293844848871231;0.4485258162021637;0.4759986102581024;-0.06378018856048584;0.506906270980835;0.5489300489425659;-0.002332822885364294;0.4675701856613159;0.5506359338760376;0.002298880834132433;0.5109156966209412;0.6927770972251892;-0.011924948543310165;0.4602709412574768;0.6961239576339722;-0.003683110000565648;0.490437439084053;0.298231440782547;-0.2303799256682396;0.5248337090015411;0.5782352387905121;-0.12314353697001934;0.45151618868112564;0.5811571329832077;-0.15042266622185707;0.5117474397023519;0.8385830918947855;0.06147069033856193;0.4566541810830434;0.8383928736050924;0.06553204867911215;;vertical;
0.67;0.4842154085636139;0.3171440064907074;-0.22888030111789703;0.5209431648254395;0.37442657351493835;-0.09348931163549423;0.4563269019126892;0.3736763298511505;-0.10249506682157516;0.5251842737197876;0.47933828830718994;-0.04355502873659134;0.44852033257484436;0.4768107533454895;-0.06687270849943161;0.506621778011322;0.5494627356529236;-0.0019211533945053816;0.4673974812030792;0.5508928894996643;0.001880379393696785;0.510702908039093;0.6926928162574768;-0.009987624362111092;0.4602692425251007;0.6960914731025696;-0.003824390936642885;0.49052278995513915;0.29893376529216764;-0.2316108375787735;0.5245215594768524;0.5793199390172958;-0.12320375256240368;0.4515771046280861;0.5817138403654099;-0.1524898000061512;0.5117203990618387;0.8388389150301615;0.061358504462987185;0.4567004938920339;0.838367223739624;0.06474101547307025;;vertical;
0.7;0.48429736495018005;0.3177626430988312;-0.23532798886299133;0.5210319757461548;0.3751577138900757;-0.10173349827528;0.45628687739372253;0.3744090497493744;-0.10883604735136032;0.5248740315437317;0.47991594672203064;-0.05215710401535034;0.44841042160987854;0.4779566824436188;-0.07198925316333771;0.5064325332641602;0.5498142838478088;-0.0018493831157684326;0.4672863185405731;0.5508590936660767;0.0018042215378955007;0.5104930996894836;0.6919498443603516;-0.007785187568515539;0.46030083298683167;0.6951732039451599;-0.0029505291022360325;0.49066056609153746;0.2996339648962021;-0.23815290480852128;0.5243709534406662;0.5811905562877655;-0.12880003824830055;0.4515666663646698;0.5823464393615723;-0.15451433509588242;0.5116840402285258;0.8388357559839884;0.06091309788947304;0.45671109358469647;0.8383538722991943;0.06422882274879764;;vertical;
0.73;0.48447394371032715;0.32008761167526245;-0.2518482804298401;0.521235466003418;0.37728938460350037;-0.11528573930263519;0.4562305510044098;0.37637054920196533;-0.12488322705030441;0.5248079299926758;0.4814056158065796;-0.06541136652231216;0.4482600688934326;0.48016291856765747;-0.08826009929180145;0.5063409805297852;0.5505442023277283;-0.0014177574776113033;0.4671598970890045;0.5508871674537659;0.0013630390167236328;0.5103253126144409;0.6905015707015991;-0.002977910218760371;0.4603798985481262;0.694045901298523;-0.0011049981694668531;0.49104088842868804;0.30255137383937836;-0.25507001727819445;0.5243484526872635;0.5846946388483047;-0.1398751437664032;0.4518105983734131;0.5843752473592758;-0.1676529161632061;0.5116487542788187;0.8387229243914286;0.061779106967151165;0.45669634143511456;0.8381969730059305;0.06412310040711115;;inclinandose;
0.77;0.48473167419433594;0.3242236077785492;-0.2750190198421478;0.5214328765869141;0.38019266724586487;-0.1348358690738678;0.456188827753067;0.3802809715270996;-0.14492061734199524;0.5248110294342041;0.4842272996902466;-0.08475534617900848;0.4477322995662689;0.4840781092643738;-0.10921738296747208;0.506197452545166;0.5514166951179504;-0.001104438677430153;0.4670211970806122;0.5509884357452393;0.0010370983509346843;0.5102505683898926;0.690252423286438;0.00022142939269542694;0.4605255424976349;0.6934095025062561;0.0015539764426648617;0.49151070415973663;0.3069711297750473;-0.2783168777823448;0.5243483334779739;0.5881438106298447;-0.1577754020690918;0.4520155265927315;0.58667953312397;-0.18656432256102562;0.5115690032641093;0.8386445641517639;0.061747626517899334;0.45670393109321594;0.8381577928860983;0.06406660489543962;;inclinandose;
0.8;0.4852961003780365;0.33245280385017395;-0.3252236247062683;0.5217951536178589;0.38464441895484924;-0.17860284447669983;0.4561825096607208;0.3841905891895294;-0.18349508941173553;0.5248198509216309;0.48816871643066406;-0.13360793888568878;0.4473705589771271;0.4877609312534332;-0.14803875982761383;0.5059413313865662;0.5513629913330078;-0.000618095975369215;0.4669516682624817;0.5500639081001282;0.000527750700712204;0.5101451873779297;0.68821781873703;-0.0006180073833093047;0.46087679266929626;0.6903016567230225;0.0026068161241710186;0.49179607629776;0.3138831466436386;-0.3307438939809799;0.5243433713912964;0.5922317355871201;-0.20888260006904602;0.4520171508193016;0.5910366177558899;-0.2243570238351822;0.5115296244621277;0.8383180697758993;0.05638478168596824;0.4567239582538605;0.8380769093831381;0.06313208820453535;;inclinandose;
0.83;0.48561587929725647;0.3425895869731903;-0.3516627252101898;0.5221115350723267;0.38931363821029663;-0.20026682317256927;0.45618247985839844;0.388487309217453;-0.20277465879917145;0.5250487327575684;0.49201127886772156;-0.153443843126297;0.4472309947013855;0.4922844469547272;-0.16615477204322815;0.5057995915412903;0.5501537919044495;-0.0006266366108320653;0.46698564291000366;0.5475351214408875;0.0005334379966370761;0.5100881457328796;0.6870647072792053;-0.00268171401694417;0.46109142899513245;0.6882432103157043;0.0024067354388535023;0.4921084582805634;0.3224526822566986;-0.3591292560100555;0.5243429839611053;0.5963185578584671;-0.22728349640965462;0.4520034193992615;0.5976508110761642;-0.24374421313405037;0.5116868615150452;0.8385237455368042;0.04409317175547282;0.45666902263959247;0.8380493521690369;0.05492500774562359;;inclinandose;
0.87;0.48610737919807434;0.35006728768348694;-0.3616446256637573;0.5221148133277893;0.3933069109916687;-0.20423457026481628;0.4562571048736572;0.39527350664138794;-0.21639320254325867;0.5250734686851501;0.49618273973464966;-0.1540360301733017;0.44725629687309265;0.4988313317298889;-0.1832578182220459;0.5055124759674072;0.5493975281715393;0.0003352929197717458;0.4669853150844574;0.5466803312301636;-0.0004551568708848208;0.510037899017334;0.6853355169296265;-0.0033356291241943836;0.4612279236316681;0.6872816681861877;0.003197465091943741;0.49254425466060636;0.32940510511398313;-0.3684557318687439;0.524221807718277;0.598508358001709;-0.22554871812462807;0.45239706337451935;0.6032537668943405;-0.25805217027664185;0.5118606686592102;0.838234543800354;0.04451900968949;0.4566897352536519;0.8376976251602173;0.05385679875810941;;inclinandose;
0.9;0.4862966239452362;0.35838717222213745;-0.3790602684020996;0.5220926403999329;0.399158775806427;-0.21794937551021576;0.45626431703567505;0.40085989236831665;-0.22727878391742706;0.5253406763076782;0.5013145208358765;-0.16803567111492157;0.44769829511642456;0.5033776760101318;-0.19245393574237823;0.5051126480102539;0.5468958616256714;0.0006980299367569387;0.46704593300819397;0.544741690158844;-0.0008162889280356467;0.5100584030151367;0.6827032566070557;-0.014393708668649197;0.4612579345703125;0.6846113801002502;-0.007937302812933922;0.49275229275226595;0.3382157742977142;-0.38689441978931427;0.5236222296953201;0.6027902662754059;-0.236159335821867;0.45280610769987106;0.6085313409566879;-0.269686508923769;0.511945386727651;0.8368130723635355;0.027636046210924785;0.4564599593480428;0.8370578289031982;0.03304258733987808;;inclinandose;
0.93;0.486389696598053;0.3721379041671753;-0.40185490250587463;0.5221100449562073;0.4028625786304474;-0.23391257226467133;0.4562489092350006;0.4058665633201599;-0.24270202219486237;0.5258051156997681;0.5038759708404541;-0.1827198565006256;0.4487079381942749;0.507809042930603;-0.20463678240776062;0.5049746036529541;0.5423275828361511;0.0011817647609859705;0.46723324060440063;0.541765034198761;-0.001284184167161584;0.5100577473640442;0.6758633255958557;-0.031148994341492653;0.46182072162628174;0.6790999174118042;-0.03203393891453743;0.4928250014781952;0.35167578160762786;-0.4120674252510071;0.5227033793926239;0.6064984053373337;-0.24832038208842278;0.45298103243112564;0.6139649897813797;-0.28170137852430344;0.5120082100232443;0.8354190190633138;0.003453262150287628;0.45627997318903607;0.8368885715802511;-7,59E+10;;inclinandose;
0.97;0.48643386363983154;0.38343334197998047;-0.41928642988204956;0.5218071937561035;0.40716755390167236;-0.24309413135051727;0.45624300837516785;0.41184309124946594;-0.25360536575317383;0.5259432792663574;0.5068166255950928;-0.19118629395961761;0.4501664638519287;0.5139845013618469;-0.21337208151817322;0.5044137239456177;0.5395086407661438;0.001792449620552361;0.46726787090301514;0.5394522547721863;-0.0018815186340361834;0.5099299550056458;0.6728265881538391;-0.02827741578221321;0.4619201123714447;0.6769092679023743;-0.033206138759851456;0.492876210808754;0.3624499201774597;-0.43058379292488097;0.5220752954483032;0.6109284162521362;-0.26005758717656136;0.4531067982316017;0.6215155571699142;-0.29299402236938477;0.5121521949768066;0.8353635867436727;0.009469391157229742;0.45591695110003155;0.8369107445081075;0.0012711634238560994;;inclinandose;
1.0;0.48647114634513855;0.39352723956108093;-0.4290299713611603;0.5216827392578125;0.40991905331611633;-0.2523929476737976;0.4561953544616699;0.4180211126804352;-0.260600745677948;0.5259950160980225;0.5090187788009644;-0.20099014043807983;0.45178934931755066;0.5200030207633972;-0.2183639407157898;0.5037005543708801;0.5370789170265198;0.0017173956148326397;0.46732982993125916;0.5384232997894287;-0.0018079987494274974;0.5099295377731323;0.6726606488227844;-0.02787068672478199;0.4619017243385315;0.6769958734512329;-0.024514954537153244;0.4929459422826767;0.37218992710113524;-0.4415788859128952;0.5213393718004227;0.6148114502429962;-0.2689083069562912;0.45361342281103134;0.6263236105442047;-0.29658280313014984;0.5119792024294535;0.8345423936843872;0.012021171549956003;0.4559071362018585;0.8363297979036967;0.013729839275280634;;inclinandose;
1.03;0.48671725392341614;0.40429404377937317;-0.43949854373931885;0.5216560363769531;0.4161243736743927;-0.2595061957836151;0.45619237422943115;0.4270361363887787;-0.26990824937820435;0.5260756611824036;0.5149316191673279;-0.2092583328485489;0.4526703357696533;0.5310266613960266;-0.22751958668231964;0.5026975274085999;0.5354979038238525;0.002201758325099945;0.4673566222190857;0.5383737683296204;-0.0022681879345327616;0.5093988180160522;0.671830415725708;-0.02637137845158577;0.46208781003952026;0.6768744587898254;-0.027722831815481186;0.49315738677978516;0.3832116901874542;-0.45281843543052674;0.5204050838947296;0.6227961629629135;-0.2768302410840988;0.45416712760925293;0.6353536993265152;-0.3051854223012924;0.5117542743682861;0.8333127101262411;0.014190815389156342;0.4560748239358266;0.8359189629554749;0.011220183223485947;;inclinandose;
1.07;0.4867627024650574;0.417031854391098;-0.4511202573776245;0.5215784907341003;0.4212753474712372;-0.2714705467224121;0.4562166631221771;0.43271404504776;-0.2828029990196228;0.5260757803916931;0.5217083692550659;-0.22225365042686462;0.45303431153297424;0.536693811416626;-0.24269893765449524;0.5019902586936951;0.5354160070419312;0.0027054769452661276;0.4674331247806549;0.5383915305137634;-0.0027476875111460686;0.5093024969100952;0.671610951423645;-0.02615421824157238;0.46256023645401;0.6758394241333008;-0.02562856301665306;0.4932907372713089;0.39807910919189454;-0.46644769310951234;0.5198009312152863;0.6299015879631042;-0.28549426794052124;0.45508840680122375;0.6434787660837173;-0.3161761686205864;0.5118062694867452;0.8333204785982767;0.016519459585348766;0.4560836950937907;0.8357263604799906;0.016437822331984837;;inclinandose;
1.1;0.48675790429115295;0.4294709861278534;-0.4558393359184265;0.5215786099433899;0.4305931329727173;-0.27770110964775085;0.45667633414268494;0.4388553500175476;-0.28797996044158936;0.5253796577453613;0.531943678855896;-0.22806166112422943;0.45347005128860474;0.5440900921821594;-0.2486618459224701;0.5012489557266235;0.5359489917755127;0.0026820858474820852;0.4676170349121094;0.5384865999221802;-0.002718576928600669;0.5087561011314392;0.6713268756866455;-0.02968679554760456;0.46309831738471985;0.6752786040306091;-0.023642759770154953;0.49328773021697997;0.4109044253826141;-0.47164326906204224;0.5189385861158371;0.6361276358366013;-0.28547312319278717;0.45552075654268265;0.6506714075803757;-0.3170379474759102;0.5117999315261841;0.8320510188738505;0.010831317553917566;0.4559851785500844;0.8342824975649515;0.016346529126167297;;inclinandose;
1.13;0.4869311451911926;0.4423404335975647;-0.46696069836616516;0.5217196941375732;0.4419765770435333;-0.2879631221294403;0.4568188786506653;0.4477217495441437;-0.2966999113559723;0.525008499622345;0.5434626936912537;-0.23699668049812317;0.4539976418018341;0.5524816513061523;-0.2553464472293854;0.5013816952705383;0.5364621877670288;0.0026387867983430624;0.4678797125816345;0.538658082485199;-0.002673784736543894;0.5079956650733948;0.6717321872711182;-0.03099447675049305;0.4631038308143616;0.6758583188056946;-0.02267483063042164;0.49337088167667387;0.4233330249786377;-0.4828116327524185;0.5183781683444977;0.646714061498642;-0.2887115851044655;0.4557988569140434;0.6611945480108261;-0.3201168030500412;0.5121536254882812;0.8318748474121094;0.011110889414946238;0.45601487159729004;0.8331912755966187;0.018582887947559357;;inclinandose;
1.17;0.487352579832077;0.45110970735549927;-0.4757261872291565;0.5219506025314331;0.4510144889354706;-0.29715484380722046;0.4569958746433258;0.4543379545211792;-0.30812951922416687;0.5247400999069214;0.5521125197410583;-0.25458046793937683;0.4542158544063568;0.5596983432769775;-0.27426931262016296;0.5014836192131042;0.5368158221244812;0.002610675059258938;0.4678647816181183;0.5379853844642639;-0.002643447369337082;0.5062990784645081;0.6714007258415222;-0.032663267105817795;0.46308666467666626;0.675475537776947;-0.02333780750632286;0.49367245733737947;0.43275111317634585;-0.49060829281806945;0.5182955861091614;0.6547565013170242;-0.3054821938276291;0.4557446911931038;0.6695054471492767;-0.33655256778001785;0.5122759540875753;0.8314295808474222;0.005836045990387599;0.4563371539115906;0.8318449258804321;0.01689359297355016;;inclinandose;
1.2;0.4873470366001129;0.4622974097728729;-0.4831836521625519;0.5221182703971863;0.45965832471847534;-0.3063439130783081;0.45714181661605835;0.4620038866996765;-0.316074013710022;0.5243231654167175;0.5587547421455383;-0.2697378993034363;0.4552735388278961;0.568188488483429;-0.2866257429122925;0.5015410780906677;0.5380201935768127;0.0025774091482162476;0.46783721446990967;0.5382770895957947;-0.002602545078843832;0.5064212679862976;0.6711896061897278;-0.03879164159297943;0.4629949927330017;0.6757808327674866;-0.02512376755475998;0.49365098774433136;0.4462152153253555;-0.4986006647348404;0.5184243321418762;0.6639984101057053;-0.3263203278183937;0.45585738867521286;0.6757652759552002;-0.34933730214834213;0.5129178563753763;0.8303331534067789;0.0038291066884994507;0.45655348896980286;0.8311507304509481;0.017208947489658993;;inclinandose;
1.23;0.4878082573413849;0.4740459620952606;-0.4764203131198883;0.5222769975662231;0.4676792323589325;-0.3057020306587219;0.4581819474697113;0.466619610786438;-0.31561365723609924;0.5242097973823547;0.5656038522720337;-0.2724914848804474;0.45565009117126465;0.5739408135414124;-0.28759387135505676;0.5015313625335693;0.5391252636909485;0.002415260998532176;0.4680140018463135;0.5384481549263;-0.0024359486997127533;0.5064581632614136;0.6653852462768555;-0.04798457771539688;0.46298569440841675;0.6725696921348572;-0.04214465990662575;0.4939348489046097;0.45833674967288973;-0.49139339923858644;0.5185194611549377;0.6733810305595398;-0.3242194950580597;0.45581185817718506;0.6811370700597763;-0.3472476527094841;0.5129443407058716;0.8256551424662272;-0.01780238871773084;0.4567764798800151;0.8289909561475118;-0.008700224881370863;;inclinandose;
1.27;0.49087968468666077;0.48698559403419495;-0.46945446729660034;0.5226396918296814;0.4740411341190338;-0.30665087699890137;0.45957472920417786;0.4723508059978485;-0.31504982709884644;0.5240997672080994;0.5716630816459656;-0.2749332785606384;0.4562748372554779;0.5773317217826843;-0.28621917963027954;0.501548171043396;0.5411072969436646;0.0013690176419913769;0.4682416617870331;0.5390851497650146;-0.0013727587647736073;0.5063650012016296;0.663546621799469;-0.063701331615448;0.4621986746788025;0.6645785570144653;-0.06659138202667236;0.49617020785808563;0.47190316021442413;-0.48502869307994845;0.5187435895204544;0.6789757609367371;-0.3311554491519928;0.45534130930900574;0.6874538958072662;-0.34555406868457794;0.5131283402442932;0.8262552420298258;-0.050243458400170006;0.4569876591364543;0.8290083408355713;-0.03945525921881199;;inclinandose;
1.3;0.4914025366306305;0.498393714427948;-0.4680211544036865;0.5229914784431458;0.4851464629173279;-0.30266132950782776;0.46069833636283875;0.4793039560317993;-0.3086584210395813;0.5235900282859802;0.5814313292503357;-0.26381897926330566;0.4567823112010956;0.584883451461792;-0.27760550379753113;0.5017985701560974;0.5411319732666016;-0.001804069965146482;0.4683896601200104;0.5382726192474365;0.0018292644526809454;0.5049089193344116;0.6636947393417358;-0.07684326171875;0.461024671792984;0.6600803732872009;-0.07404911518096924;0.49674170911312104;0.4837468773126602;-0.48348535895347594;0.5189627259969711;0.6878674328327179;-0.31590816378593445;0.4552397057414055;0.6974687576293945;-0.33758607506752014;0.5128290851910909;0.8268323739369711;-0.06240373228987058;0.457108994325002;0.8278716206550598;-0.04333873682965835;;inclinandose;
1.33;0.4914885461330414;0.507343053817749;-0.46389296650886536;0.5231526494026184;0.4942256510257721;-0.2924465835094452;0.461395800113678;0.48852089047431946;-0.3003663420677185;0.5219727158546448;0.5900249481201172;-0.2534331679344177;0.45693716406822205;0.5949945449829102;-0.26720014214515686;0.501821756362915;0.5360119938850403;-0.0032658663112670183;0.4679841697216034;0.5315657258033752;0.0032730274833738804;0.504479706287384;0.6619729995727539;-0.0665946677327156;0.46104705333709717;0.657331109046936;-0.05647975206375122;0.4968951553106308;0.495149365067482;-0.4730566829442978;0.5188928842544556;0.6978146582841873;-0.28947628289461136;0.45526792109012604;0.7058138698339462;-0.31966325640678406;0.5128901799519857;0.8272081613540649;-0.05229970067739487;0.4572022457917531;0.8278441826502482;-0.03111260593868792;;inclinandose;
1.37;0.4912634491920471;0.5196830630302429;-0.4564903676509857;0.5231478214263916;0.5008351802825928;-0.2885992228984833;0.4620523750782013;0.4953821301460266;-0.2979874014854431;0.5215228796005249;0.598232626914978;-0.23916371166706085;0.45687031745910645;0.6045920252799988;-0.2524259686470032;0.5018446445465088;0.5294341444969177;-0.004041001200675964;0.4676477313041687;0.5239136219024658;0.004052887205034494;0.5040916800498962;0.6603564023971558;-0.06374195218086243;0.4610784649848938;0.6537868976593018;-0.05139774829149246;0.4966924458742142;0.5052020132541657;-0.46624688506126405;0.5189775228500366;0.7061591744422913;-0.26319509744644165;0.455281026661396;0.7127858549356461;-0.2953115478157997;0.5130030711491903;0.8273088137308756;-0.0527815135816733;0.4572717547416687;0.8279353578885397;-0.033668280249306314;;inclinandose;
1.4;0.4911685883998871;0.5266284346580505;-0.4592284858226776;0.5231317281723022;0.5055771470069885;-0.2963089644908905;0.4627120792865753;0.5016647577285767;-0.3021266758441925;0.5213699340820312;0.6041695475578308;-0.24080128967761993;0.4569438397884369;0.6075273156166077;-0.25330930948257446;0.5024407505989075;0.5245074033737183;-0.005753203760832548;0.46784141659736633;0.51960688829422;0.005786635912954807;0.5039466619491577;0.6608569622039795;-0.061909519135951996;0.46137550473213196;0.6568840742111206;-0.0417594388127327;0.496570411324501;0.5129609525203704;-0.47410111129283905;0.5190601050853729;0.7115651071071625;-0.2692970037460327;0.4550362601876259;0.7158989459276199;-0.3003780469298363;0.5137955149014791;0.8273411393165588;-0.0422482763727506;0.4573834041754405;0.82913738489151;-0.028379707752416532;;inclinandose;
1.43;0.49121028184890747;0.5329514741897583;-0.4992070198059082;0.5231945514678955;0.5106041431427002;-0.3257427513599396;0.4626876413822174;0.5102506875991821;-0.3288012742996216;0.5213425755500793;0.6098392009735107;-0.26636406779289246;0.45698076486587524;0.6100263595581055;-0.28115761280059814;0.5033577680587769;0.5188466906547546;-0.006914016790688038;0.46801629662513733;0.5159947276115417;0.007000746205449104;0.5034348964691162;0.6583502292633057;-0.06920938938856125;0.46249353885650635;0.6573522090911865;-0.041044220328330994;0.4964971035718918;0.5196157097816467;-0.5176554590463638;0.5194379240274429;0.7192558646202087;-0.29430249333381653;0.4544876217842102;0.7219886481761932;-0.33433448523283005;0.5140095949172974;0.8246436516443888;-0.03684601622323195;0.45838800072669983;0.8288153409957886;-0.02015703854461511;;inclinandose;
1.47;0.491146981716156;0.5385417938232422;-0.4825977385044098;0.5231152176856995;0.514622151851654;-0.30833864212036133;0.46257317066192627;0.5172756314277649;-0.31675827503204346;0.5214185118675232;0.6169312000274658;-0.24797971546649933;0.45697787404060364;0.6150766015052795;-0.25784504413604736;0.5054277777671814;0.5167733430862427;-0.006937909871339798;0.46801653504371643;0.5150516033172607;0.007023722864687443;0.5034794807434082;0.6606821417808533;-0.06893352419137955;0.4629516303539276;0.6576677560806274;-0.04322545602917671;0.4964172005653381;0.5257621169090271;-0.49640571177005766;0.5204270035028458;0.7274456173181534;-0.27093393355607986;0.4542118236422539;0.727647140622139;-0.30289193242788315;0.5163373748461405;0.8275260130564371;-0.03454811510164291;0.4585106273492177;0.8289810617764791;-0.0187302070359389;;inclinandose;
1.5;0.49175572395324707;0.5445734858512878;-0.4856969118118286;0.5228484869003296;0.5198759436607361;-0.30829671025276184;0.46247249841690063;0.5254688858985901;-0.3205244541168213;0.5214622616767883;0.6231313347816467;-0.2472676932811737;0.4569595754146576;0.6240715384483337;-0.271022230386734;0.5053263902664185;0.5094953775405884;-0.004660682287067175;0.46779322624206543;0.5112722516059875;0.004790617153048515;0.5042364597320557;0.6607277393341064;-0.06559278070926666;0.46374836564064026;0.6599258184432983;-0.04664691537618637;0.4967731237411499;0.5317267715930939;-0.5023060142993927;0.5209281891584396;0.7312743216753006;-0.27126459777355194;0.45416298508644104;0.7343093752861023;-0.31755127757787704;0.5159868001937866;0.8305255969365438;-0.016883209347724915;0.45856572190920514;0.8291401267051697;-0.013785983746250471;;inclinandose;
1.53;0.4917604327201843;0.5485533475875854;-0.5027318596839905;0.5226079225540161;0.523736298084259;-0.32007721066474915;0.462413489818573;0.5288111567497253;-0.33335790038108826;0.5214869379997253;0.6274890899658203;-0.2609874904155731;0.456928551197052;0.6271855235099792;-0.2941223978996277;0.5055364370346069;0.5131633877754211;-0.0008198355208151042;0.4678203761577606;0.5125908255577087;0.0009666592231951654;0.5047028064727783;0.6610185503959656;-0.06674591451883316;0.46462926268577576;0.6602233052253723;-0.0637720376253128;0.4967221260070801;0.5346268892288208;-0.5199720174074173;0.5212143361568451;0.7341111302375793;-0.29155659675598145;0.45425714552402496;0.7391931712627411;-0.346663199365139;0.5166315038998922;0.8333767453829447;-0.014710829903682074;0.45897769927978516;0.8296549121538798;-0.02036396786570549;;inclinandose;
1.57;0.49178260564804077;0.5555204749107361;-0.4992341101169586;0.5224373936653137;0.5281158089637756;-0.31663212180137634;0.4623142182826996;0.5346135497093201;-0.3275991380214691;0.5213595628738403;0.6329766511917114;-0.25781452655792236;0.45696642994880676;0.6324130296707153;-0.2831796109676361;0.5054530501365662;0.5138382315635681;0.0007544931140728295;0.4677779972553253;0.5126916766166687;-0.0006124491337686777;0.5047162175178528;0.6604092121124268;-0.07556639611721039;0.46502411365509033;0.6595894694328308;-0.07952674478292465;0.49676319658756257;0.5422414660453796;-0.5166897505521775;0.5215922594070435;0.7397498488426208;-0.27343545109033585;0.4545722082257271;0.7444107830524445;-0.3347937911748886;0.5167259573936462;0.8360460797945658;-0.01761210213104884;0.45912912487983704;0.830056369304657;-0.03319528745487332;;inclinandose;
1.6;0.49200180172920227;0.5588656663894653;-0.5053495168685913;0.5221478939056396;0.5315029621124268;-0.32279375195503235;0.46224287152290344;0.5386685132980347;-0.3353179395198822;0.521213710308075;0.6359538435935974;-0.2537909746170044;0.4570045471191406;0.6333927512168884;-0.2876620590686798;0.505388617515564;0.5104830265045166;0.0016468700487166643;0.4677756428718567;0.5112596750259399;-0.001501409919001162;0.5047469735145569;0.6604782342910767;-0.07118086516857147;0.4655049443244934;0.6593393683433533;-0.0732273980975151;0.49686800241470336;0.5482628285884857;-0.5227944850921631;0.5220448970794678;0.7435739487409592;-0.2723596319556236;0.4548012837767601;0.7484984248876572;-0.33724261075258255;0.5168318152427673;0.8360276818275452;-0.012089555462201437;0.45952340960502625;0.83012988169988;-0.027680810851355393;;inclinandose;
1.63;0.49196645617485046;0.5618721842765808;-0.4972192049026489;0.5219323039054871;0.5313524603843689;-0.31633442640304565;0.46219953894615173;0.5380725264549255;-0.3278038501739502;0.5212274789810181;0.6372933983802795;-0.24274645745754242;0.4573534429073334;0.6344726085662842;-0.28185486793518066;0.5053409934043884;0.512438178062439;0.0021943580359220505;0.4679054021835327;0.5124236345291138;-0.0020505981519818306;0.5048443078994751;0.6605913639068604;-0.07291435450315475;0.46603894233703613;0.6594489216804504;-0.07504664361476898;0.4968646436929703;0.5510352611541748;-0.5141856729984283;0.5223082602024078;0.7450565099716187;-0.264640960842371;0.45530396699905396;0.7515419870615005;-0.3331671506166458;0.5160068273544312;0.8356523116429647;-0.011276675388216972;0.45906750361124676;0.8309388558069865;-0.025563961515824;;inclinandose;
1.67;0.4918828308582306;0.5626674294471741;-0.49278438091278076;0.5218830108642578;0.5331330895423889;-0.3136906027793884;0.4621639847755432;0.537962019443512;-0.32510459423065186;0.5209957361221313;0.6379435062408447;-0.2411217987537384;0.4578944742679596;0.6356857419013977;-0.27603721618652344;0.5053160190582275;0.5140973925590515;0.001970216166228056;0.4680262804031372;0.5130243897438049;-0.001846742001362145;0.5050507187843323;0.6614792346954346;-0.0742061659693718;0.4660665988922119;0.6596351265907288;-0.07349695265293121;0.4967110902070999;0.5542165517807007;-0.5095081478357315;0.5224789977073669;0.7475019991397858;-0.26535892114043236;0.45612137019634247;0.7538055330514908;-0.32296544313430786;0.5159344673156738;0.8373938997586569;-0.011549726749459902;0.4590122898419698;0.8308085401852926;-0.019597803242504597;;inclinandose;
1.7;0.4917859435081482;0.5625848174095154;-0.4920429289340973;0.5218575596809387;0.5347233414649963;-0.31575268507003784;0.46216708421707153;0.5385861992835999;-0.3232142925262451;0.5209691524505615;0.6382701992988586;-0.24187138676643372;0.458098828792572;0.6367117762565613;-0.27171751856803894;0.505328893661499;0.5148029923439026;0.0019267897587269545;0.4682500660419464;0.5136452913284302;-0.0017756709130480886;0.5052904486656189;0.662086546421051;-0.07291360944509506;0.46605876088142395;0.6597720384597778;-0.06958569586277008;0.49646738171577454;0.5554959118366242;-0.5095691442489624;0.5225128829479218;0.7489369213581085;-0.2679162621498108;0.45714376121759415;0.7556872367858887;-0.3202233538031578;0.5157274206479391;0.8369829853375753;-0.006265224888920784;0.4593500594298045;0.8281429012616476;-0.009471212203303972;;inclinandose;
1.73;0.4913584291934967;0.56241375207901;-0.48716360330581665;0.5218744277954102;0.5352005362510681;-0.3145075738430023;0.4622806906700134;0.5384503602981567;-0.31621623039245605;0.520923912525177;0.6382094621658325;-0.2421046495437622;0.4581603407859802;0.6376978158950806;-0.2568442225456238;0.5056477785110474;0.5150732398033142;0.0008129504276439548;0.46875810623168945;0.5141186118125916;-0.0006538210436701775;0.505304753780365;0.6621617674827576;-0.07276321202516556;0.46606189012527466;0.659891664981842;-0.06820501387119293;0.4958420157432556;0.5566532909870148;-0.506347918510437;0.5225449949502945;0.7497350573539734;-0.26897525042295456;0.45752038806676865;0.7571699470281601;-0.3058959022164345;0.5163555145263672;0.8339171806971232;-0.008540181443095207;0.46023531754811603;0.8263937632242838;-0.004839743797977765;;inclinandose;
1.77;0.4908733069896698;0.5630870461463928;-0.48164260387420654;0.5220099091529846;0.536465585231781;-0.3136157691478729;0.4624386429786682;0.5399825572967529;-0.3115822672843933;0.5209315419197083;0.6387990117073059;-0.24171896278858185;0.45822495222091675;0.6391865611076355;-0.24890241026878357;0.5062547922134399;0.5152451992034912;0.00039900708361528814;0.46973344683647156;0.5135809779167175;-0.00023666603374294937;0.5054169297218323;0.6621467471122742;-0.07202421873807907;0.46605184674263;0.6599780917167664;-0.06459425389766693;0.4952100425958633;0.5578176319599152;-0.5015942037105561;0.522555023431778;0.7504399865865707;-0.2669336050748825;0.4584547430276871;0.7582655549049377;-0.29562119394540787;0.5163560907046;0.8295538226763407;-0.008423103640476862;0.46084532141685486;0.8252173860867819;-0.002489472428957621;;inclinandose;
1.8;0.4904191493988037;0.5645659565925598;-0.47761011123657227;0.522055447101593;0.5376189947128296;-0.31301259994506836;0.46249133348464966;0.5421568155288696;-0.30911821126937866;0.5208799242973328;0.6381904482841492;-0.2369755506515503;0.4582091271877289;0.6403824687004089;-0.24454733729362488;0.5066577792167664;0.5155546069145203;0.00033299115602858365;0.4702683687210083;0.5124133229255676;-0.00017695178394205868;0.5053793787956238;0.65990149974823;-0.06310342997312546;0.4660353362560272;0.659942626953125;-0.04962143674492836;0.49473626017570493;0.5595420658588409;-0.497791713476181;0.5225420594215393;0.7502070516347885;-0.25744258239865303;0.4588497206568718;0.7586228549480438;-0.289677195250988;0.5160149534543356;0.8289611339569092;0.003682160129149755;0.4608178436756134;0.8256847063700358;0.008112293978532156;;inclinandose;
1.83;0.4903595745563507;0.5630608201026917;-0.49584677815437317;0.5221567153930664;0.5369685292243958;-0.329037070274353;0.46262237429618835;0.5421046018600464;-0.3223046660423279;0.5209840536117554;0.6376010775566101;-0.2581714689731598;0.4582042694091797;0.6393883228302002;-0.2543942332267761;0.5067276954650879;0.51076740026474;-0.0004800340684596449;0.4704180955886841;0.5064494013786316;0.0006576715968549252;0.5053096413612366;0.6559990048408508;-0.059439197182655334;0.4660014510154724;0.6592444777488708;-0.040886200964450836;0.49461517930030824;0.5593041181564331;-0.5159764945507049;0.5225219428539276;0.7488926947116852;-0.2807687669992447;0.45932622253894806;0.7583950310945511;-0.3045230507850647;0.5159557461738586;0.8227631052335104;0.017438760648171108;0.46073246995608014;0.8236113985379537;0.0261489637196064;;inclinandose;
1.87;0.4903108477592468;0.562663733959198;-0.488975465297699;0.5222067832946777;0.5373426675796509;-0.3248617649078369;0.4626193940639496;0.5411174297332764;-0.31733056902885437;0.5210347175598145;0.6375764012336731;-0.25666582584381104;0.45828911662101746;0.6397782564163208;-0.25106123089790344;0.5069716572761536;0.5115812420845032;-0.0010537810157984495;0.4706244170665741;0.5076878070831299;0.0012257738271728158;0.5053106546401978;0.6565011739730835;-0.06060070917010307;0.4658791422843933;0.6594178080558777;-0.04174299165606499;0.4946034848690033;0.5587668418884277;-0.5095483064651489;0.5224212408065796;0.7490042597055435;-0.2802383527159691;0.4595138132572174;0.7583554089069366;-0.2975998595356941;0.5158734718958536;0.8237948616345724;0.007372683535019557;0.4607132871945699;0.8242707053820292;0.015949569642543793;;inclinandose;
1.9;0.49030813574790955;0.5615370273590088;-0.4846765697002411;0.5222141742706299;0.5374074578285217;-0.3215552568435669;0.4626142084598541;0.5404322147369385;-0.31559932231903076;0.5210345387458801;0.6381726861000061;-0.2532619535923004;0.45828208327293396;0.6399685144424438;-0.25069114565849304;0.507153332233429;0.5117549896240234;-0.0011018810328096151;0.47070974111557007;0.5075257420539856;0.0012756057549268007;0.505240261554718;0.6564818620681763;-0.05652903765439987;0.4657423198223114;0.6595652103424072;-0.03977566212415695;0.4945950210094452;0.5581906914710999;-0.5052121937274933;0.5223856568336487;0.7492309659719467;-0.2782323285937309;0.4595404118299484;0.7583736777305603;-0.29625993221998215;0.5158177018165588;0.8240169485410055;0.010488544901212057;0.46058906118075055;0.8250993291536967;0.019012828667958576;;inclinandose;
1.93;0.4903240203857422;0.5613648891448975;-0.4832696318626404;0.5222277045249939;0.5372335910797119;-0.3200492560863495;0.46260973811149597;0.5406448245048523;-0.314431756734848;0.5210366249084473;0.6386402249336243;-0.2522919476032257;0.4582761228084564;0.6406298875808716;-0.249612957239151;0.5072120428085327;0.5119156241416931;-0.0010884071234613657;0.47068271040916443;0.5076291561126709;0.0012612466234713793;0.5052106976509094;0.656990647315979;-0.05518357828259468;0.465620756149292;0.6600115895271301;-0.03979044407606125;0.49461694359779357;0.5582534074783325;-0.5037098735570907;0.5222447961568832;0.7491789162158966;-0.27736470103263855;0.4595327600836754;0.7582448571920395;-0.2960817217826843;0.5158851742744446;0.8235368132591248;0.013348973045746485;0.46062955260276794;0.8262704809506735;0.01947151869535446;;inclinandose;
1.97;0.4903571903705597;0.561272382736206;-0.4686570167541504;0.5223054885864258;0.5374763607978821;-0.3039344251155853;0.4625784754753113;0.5409446954727173;-0.30571073293685913;0.5212050676345825;0.6386696100234985;-0.23333391547203064;0.45827749371528625;0.6408882141113281;-0.24221128225326538;0.5072343349456787;0.5121020674705505;-0.00044775742571800947;0.47060832381248474;0.5082489848136902;0.0006077666184864938;0.5052555203437805;0.6583175659179688;-0.05636774003505707;0.46561190485954285;0.6609632968902588;-0.042408742010593414;0.4946426421403885;0.5580020427703858;-0.4873068809509277;0.5221977978944778;0.7487426996231079;-0.26264694705605507;0.45948946475982666;0.7579059898853302;-0.28820738941431046;0.5143548250198364;0.8254041075706482;0.010419713954130808;0.4606598416964213;0.8271042505900065;0.016233598192532856;;inclinandose;
2.0;0.4903816282749176;0.5609663128852844;-0.4715561270713806;0.5223304033279419;0.5376713871955872;-0.3051641881465912;0.4625234007835388;0.5411823391914368;-0.30830153822898865;0.5213966965675354;0.6388208866119385;-0.23620155453681946;0.45836061239242554;0.6414579153060913;-0.2431616634130478;0.5072280764579773;0.511877179145813;-6,34E+10;0.4705246686935425;0.5082358717918396;0.00021990190725773573;0.5057501196861267;0.6581082940101624;-0.05664899945259094;0.4656127691268921;0.6619805097579956;-0.04366397485136986;0.4946522146463394;0.5575817108154297;-0.49018416702747347;0.5221395790576935;0.7487297803163528;-0.27062858641147614;0.45944929867982864;0.7590088248252869;-0.290043868124485;0.5143418510754904;0.824478546778361;0.015362927069266638;0.4608554542064667;0.8264795541763306;0.014347784221172333;;inclinandose;
2.03;0.4900516867637634;0.562714695930481;-0.48717063665390015;0.5225003957748413;0.5385147333145142;-0.3204987943172455;0.4625101387500763;0.5408704280853271;-0.3171124756336212;0.5214468836784363;0.6396185755729675;-0.2556087374687195;0.45851895213127136;0.6410521268844604;-0.2522389888763428;0.5072643160820007;0.5117109417915344;-6,98E+10;0.47050896286964417;0.5077887177467346;0.00022598823125008494;0.505975604057312;0.6588510274887085;-0.05957493185997009;0.46584561467170715;0.6619746088981628;-0.05292787030339241;0.4942725867033005;0.5598021566867828;-0.5070935785770416;0.5220255553722382;0.7490713149309158;-0.2880897596478462;0.4593997746706009;0.7591617852449417;-0.30130334198474884;0.515073557694753;0.824591318766276;0.005309052765369415;0.46091850598653156;0.8303459088007609;-0.00045517459511756897;;inclinandose;
2.07;0.49003884196281433;0.5635248422622681;-0.4876134693622589;0.5226410031318665;0.5393555164337158;-0.3217051029205322;0.4624817967414856;0.540622353553772;-0.31889763474464417;0.5215113759040833;0.6396822333335876;-0.25538116693496704;0.458551287651062;0.6407226324081421;-0.2536570131778717;0.5072701573371887;0.511613130569458;-2,35E+10;0.4704956114292145;0.5074729919433594;0.00017688411753624678;0.5060751438140869;0.6592241525650024;-0.05889371782541275;0.4660230576992035;0.661973774433136;-0.05267668142914772;0.49427497684955596;0.5604573607444763;-0.5072842955589294;0.5219960361719131;0.748895138502121;-0.28580234944820404;0.45930538326501846;0.7597723603248596;-0.3014342784881592;0.5154980421066284;0.8290274540583292;0.0030407607555389404;0.46078405777613324;0.8324027061462402;-0.003011409193277359;;inclinandose;
2.1;0.49001985788345337;0.5644095540046692;-0.4796028733253479;0.5228121280670166;0.5405130386352539;-0.3152923583984375;0.4624773859977722;0.5404665470123291;-0.31773868203163147;0.5215907096862793;0.6398307085037231;-0.25014111399650574;0.4585644602775574;0.6404980421066284;-0.25353091955184937;0.5072640776634216;0.5116745233535767;0.0006233847816474736;0.4704343378543854;0.5085731148719788;-0.0004915238241665065;0.5060843229293823;0.6592446565628052;-0.06032160669565201;0.4660218358039856;0.6618618369102478;-0.06226116791367531;0.4942824006080627;0.5606482923030853;-0.49845653474330903;0.5220410078763962;0.7489676922559738;-0.2777463346719742;0.45921388268470764;0.7602791637182236;-0.2988775447010994;0.5152983069419861;0.8287337025006613;-0.014493555451432863;0.460749348004659;0.8342899481455485;-0.026521959342062473;;inclinandose;
2.13;0.49001288414001465;0.5646218061447144;-0.47282877564430237;0.5229058861732483;0.5406562685966492;-0.30920472741127014;0.4624713063240051;0.5403755307197571;-0.31376734375953674;0.5216602683067322;0.639713704586029;-0.24182623624801636;0.4585965573787689;0.6402625441551208;-0.24907076358795166;0.5072587132453918;0.5117661952972412;0.0013007032684981823;0.4703756868839264;0.5085411071777344;-0.00118347501847893;0.5061154961585999;0.6590529084205627;-0.06011033058166504;0.4660755693912506;0.6616470217704773;-0.0621083565056324;0.49428960084915163;0.560592520236969;-0.491464164853096;0.5221444368362427;0.748865932226181;-0.26553960517048836;0.4590161293745041;0.7603261470794678;-0.2905317693948746;0.514857550462087;0.8307563265164694;-0.014370190600554148;0.46078067024548847;0.8340871930122375;-0.02604795650889476;;inclinandose;
2.17;0.48999202251434326;0.5647057890892029;-0.4681857228279114;0.5229642391204834;0.5408235192298889;-0.3052772283554077;0.46246838569641113;0.5403090119361877;-0.31083476543426514;0.5216758251190186;0.6395983099937439;-0.23831087350845337;0.4585995674133301;0.6399358510971069;-0.24729149043560028;0.507243275642395;0.5118125081062317;0.0020935889333486557;0.4703405499458313;0.5083622932434082;-0.0019855224527418613;0.5061488747596741;0.6582327485084534;-0.0600421279668808;0.4660731256008148;0.6616525650024414;-0.06294306367635727;0.4942977488040924;0.5604208111763;-0.48667178452014925;0.5221807956695557;0.7487996965646744;-0.26267455890774727;0.45888424664735794;0.7603232860565186;-0.2889358326792717;0.514451285203298;0.8320857683817545;-0.015482118974129358;0.4608570834000905;0.8344892859458923;-0.02917010523378849;;inclinandose;
2.2;0.48997682332992554;0.5645573139190674;-0.468540221452713;0.5230156183242798;0.5406113266944885;-0.30503928661346436;0.4623856842517853;0.540114164352417;-0.31118178367614746;0.5217620134353638;0.6395158767700195;-0.2391149401664734;0.4585551917552948;0.6398924589157104;-0.24759677052497864;0.5071597099304199;0.511825680732727;0.0031229921150952578;0.4701490104198456;0.5082176327705383;-0.0030239964835345745;0.5061230659484863;0.6581044793128967;-0.05902358144521713;0.46606743335723877;0.661794126033783;-0.0635467991232872;0.4943383187055588;0.5602349221706391;-0.48693796396255495;0.5222928524017334;0.7487361878156662;-0.2649066559970379;0.45876679569482803;0.7602705508470535;-0.2913438603281975;0.5144516229629517;0.8266270359357198;-0.01363477980097135;0.46092404921849567;0.8348637620608012;-0.0312747231995066;;inclinandose;
2.23;0.48997750878334045;0.5644655823707581;-0.4471172094345093;0.5230414271354675;0.5394749045372009;-0.2879961431026459;0.4622926414012909;0.5391454100608826;-0.2989397644996643;0.521786093711853;0.6386812925338745;-0.2259257733821869;0.4585197865962982;0.6384478211402893;-0.2385225147008896;0.5068783164024353;0.5118523836135864;0.004658058751374483;0.4697417914867401;0.5082886815071106;-0.004577727057039738;0.5060528516769409;0.6579025387763977;-0.05625353753566742;0.4658762812614441;0.6627533435821533;-0.06404849141836166;0.49440349638462067;0.5585761725902557;-0.46535812616348265;0.5223995745182037;0.7472028732299805;-0.25333380699157715;0.4585515558719635;0.7574910819530487;-0.2820713371038437;0.5145315329233805;0.8235615293184916;-0.0181122999638319;0.46095310648282367;0.8355103929837545;-0.04183029988780618;;inclinandose;
2.27;0.49027615785598755;0.5636240839958191;-0.446793794631958;0.523228645324707;0.5370568633079529;-0.28488537669181824;0.4622596502304077;0.5384237170219421;-0.29564568400382996;0.52189701795578;0.6369264125823975;-0.21390846371650696;0.45820650458335876;0.6357423067092896;-0.2298133224248886;0.5065159201622009;0.5114604830741882;0.005623340141028166;0.4694136381149292;0.5082162022590637;-0.005545700900256634;0.5061235427856445;0.6570336222648621;-0.05615921691060066;0.46560049057006836;0.6626632213592529;-0.0664970725774765;0.49484800100326537;0.5543498218059539;-0.4649858146905899;0.5226960331201553;0.7437001019716263;-0.23637675121426582;0.4578564986586571;0.7503898590803146;-0.2700367048382759;0.514035145441691;0.82434610525767;-0.019468542498846848;0.46099185943603516;0.8348567684491476;-0.04445076050857703;;inclinandose;
2.3;0.4904020428657532;0.5606871247291565;-0.4546915888786316;0.5234255790710449;0.5346453785896301;-0.2902672290802002;0.4622565507888794;0.5342430472373962;-0.29582008719444275;0.5220868587493896;0.635864794254303;-0.21595574915409088;0.45759162306785583;0.6327316164970398;-0.2212183028459549;0.5062521696090698;0.5068193078041077;0.0054849907755851746;0.46942105889320374;0.5028119683265686;-0.005392889492213726;0.5061674118041992;0.6522514224052429;-0.05626622587442398;0.4651227295398712;0.6607734560966492;-0.06955704838037491;0.49502204954624174;0.5489279150962829;-0.4733817934989929;0.5234858691692352;0.7398560494184494;-0.23835906758904457;0.45555562525987625;0.7452944219112396;-0.2638090252876282;0.5147611498832703;0.814184824625651;-0.01746970446159442;0.4609534641106923;0.8330411513646444;-0.0429471048216025;;inclinandose;
2.33;0.49089211225509644;0.5565162301063538;-0.4587947130203247;0.5234484672546387;0.5298939943313599;-0.2921189069747925;0.4622807502746582;0.5319321155548096;-0.2977788746356964;0.5220887660980225;0.6281673908233643;-0.21119695901870728;0.4567783772945404;0.6285449862480164;-0.2184949517250061;0.5061697363853455;0.5069555640220642;0.005430832039564848;0.4694102704524994;0.5031536221504211;-0.005336707457900047;0.506166934967041;0.6500714421272278;-0.06599761545658112;0.46488165855407715;0.6569769978523254;-0.07279404252767563;0.4955561965703964;0.5411919891834259;-0.4772627592086792;0.5242391675710678;0.7331372499465942;-0.23150237277150154;0.45356595516204834;0.7382839471101761;-0.25626887008547783;0.5156433383623759;0.8128654956817627;-0.028012065837780636;0.46101341644922894;0.828034241994222;-0.04568270562837521;;inclinandose;
2.37;0.4911240041255951;0.550363302230835;-0.46322858333587646;0.5233914852142334;0.526646077632904;-0.28696882724761963;0.4622792899608612;0.5321319699287415;-0.2956145107746124;0.5220721960067749;0.6212013363838196;-0.1977461576461792;0.4551311433315277;0.6224618554115295;-0.20832295715808868;0.50624680519104;0.5073436498641968;0.005349950864911079;0.4694054126739502;0.503533124923706;-0.00524404039606452;0.506203830242157;0.6447654962539673;-0.062496017664670944;0.46481096744537354;0.6552172899246216;-0.07032386213541031;0.49585641026496885;0.5318732559680939;-0.4806342273950577;0.5254890322685242;0.7261921316385269;-0.2134074904024601;0.4502923712134361;0.7302849888801575;-0.23315223306417465;0.5164786775906881;0.8123746315638224;-0.023524079161385696;0.4610687891642253;0.8271157741546631;-0.040757139989485346;;inclinandose;
2.4;0.4911183714866638;0.541017472743988;-0.4960015118122101;0.5230680704116821;0.5224184989929199;-0.3007657825946808;0.4622581899166107;0.5302059054374695;-0.30846062302589417;0.5220685601234436;0.6138501763343811;-0.20891933143138885;0.45098480582237244;0.619552493095398;-0.22766520082950592;0.5065563321113586;0.502988874912262;0.00443195179104805;0.4696667492389679;0.5000014305114746;-0.004363687243312597;0.5063071846961975;0.6398009061813354;-0.05575043335556984;0.46481257677078247;0.6511409878730774;-0.052519433200359344;0.49592581391334534;0.5235555052757264;-0.5126609414815902;0.5261924862861633;0.7173310965299606;-0.2185335010290146;0.4445393607020378;0.7252082675695419;-0.2531374581158161;0.516692320505778;0.8078638712565104;-0.005857864394783974;0.46130900581677753;0.8252638975779215;-0.018758967518806458;;inclinandose;
2.43;0.4913225471973419;0.5278016328811646;-0.5074290633201599;0.5230697393417358;0.5158986449241638;-0.3098602294921875;0.46184873580932617;0.5205696225166321;-0.3183949589729309;0.5223349332809448;0.6091855764389038;-0.22113874554634094;0.4451703727245331;0.6103621125221252;-0.24897348880767822;0.506679892539978;0.5016828775405884;0.0020268671214580536;0.4693944752216339;0.5005865693092346;-0.001979523105546832;0.5063087344169617;0.6408016085624695;-0.05136444419622421;0.46460649371147156;0.6519899368286133;-0.03486318141222;0.4965124636888504;0.5107202142477035;-0.5224061071872711;0.5271604806184769;0.7094411700963974;-0.22822651639580727;0.43794525414705276;0.7143407613039017;-0.28774038702249527;0.5166653196016947;0.8086946805318197;-0.007195088391502698;0.46134809652964276;0.8249571124712626;-0.007281618192791939;;inclinandose;
2.47;0.49123504757881165;0.5155371427536011;-0.505243718624115;0.5226945877075195;0.5035654306411743;-0.3153771162033081;0.4612409770488739;0.5092285871505737;-0.32435885071754456;0.5225617289543152;0.5932579636573792;-0.2412366271018982;0.44195178151130676;0.5960384607315063;-0.2667318284511566;0.5064302086830139;0.5122054815292358;0.0017303137574344873;0.4686257839202881;0.5127767324447632;-0.0017028199508786201;0.5062399506568909;0.6437280774116516;-0.05237323045730591;0.46418115496635437;0.6525406241416931;-0.03846730664372444;0.49663738906383514;0.496988382935524;-0.5187830477952957;0.5289722383022308;0.692779004573822;-0.25076235458254814;0.4332750216126442;0.7027597427368164;-0.3024086654186249;0.5166930158933004;0.8096939921379089;-0.021370184297362965;0.4613492786884308;0.824563185373942;-0.01293090544641018;;inclinandose;
2.5;0.49124565720558167;0.49520358443260193;-0.4972214698791504;0.5227014422416687;0.4873374104499817;-0.3163083493709564;0.4609069526195526;0.4913928806781769;-0.32246536016464233;0.5245980024337769;0.5824707746505737;-0.2779799699783325;0.44072550535202026;0.5826365351676941;-0.2907165288925171;0.5051761269569397;0.5279507637023926;0.001999103697016835;0.46700218319892883;0.52399080991745;-0.0019924764055758715;0.5069757699966431;0.6489937901496887;-0.06814456731081009;0.4641374945640564;0.6553007960319519;-0.055112723261117935;0.4972470998764038;0.4781575381755829;-0.5118936419486999;0.5305409282445908;0.6815285384654999;-0.3307129293680191;0.4323473498225212;0.6904650330543518;-0.3556795120239258;0.5166353384653727;0.8116293549537659;-0.05230375938117504;0.46133507291475934;0.8238059679667155;-0.038426335338347904;;inclinandose;
2.53;0.4917730689048767;0.4777034521102905;-0.4661541283130646;0.5234097242355347;0.48015448451042175;-0.29009413719177246;0.45894065499305725;0.48401281237602234;-0.2897651195526123;0.5262620449066162;0.5771497488021851;-0.2573370933532715;0.4405555725097656;0.5735094547271729;-0.2726530432701111;0.5051552653312683;0.5356425046920776;0.0016581123927608132;0.46657299995422363;0.5295566916465759;-0.0016505252569913864;0.5070525407791138;0.6520267724990845;-0.09263463318347931;0.46424999833106995;0.6574814915657043;-0.09879424422979355;0.49793457984924316;0.4587609529495239;-0.4762821108102798;0.5318717807531357;0.6737451702356339;-0.2928227111697197;0.43048863857984543;0.6771444827318192;-0.32289597392082214;0.5163445671399435;0.8128977020581564;-0.07621681193510692;0.4612397650877635;0.823320190111796;-0.07183276986082394;;inclinandose;
2.57;0.4921294152736664;0.46043524146080017;-0.47116735577583313;0.5234642624855042;0.46525901556015015;-0.293934166431427;0.4589238166809082;0.46204450726509094;-0.29533061385154724;0.5273085832595825;0.5638693571090698;-0.2585384249687195;0.43553730845451355;0.5561720132827759;-0.2714325189590454;0.5044738054275513;0.5406364798545837;0.001721391105093062;0.46623826026916504;0.5365711450576782;-0.0017046018037945032;0.5070154666900635;0.6562349796295166;-0.11571813374757767;0.4638160467147827;0.6609635949134827;-0.1253202259540558;0.49844911098480227;0.4417334049940109;-0.4828271299600601;0.5317435264587402;0.6624121367931366;-0.30809563398361206;0.42919357120990753;0.6634555906057358;-0.34191983938217163;0.5164989829063416;0.817978580792745;-0.08189756174882253;0.4607926110426585;0.8231382568677267;-0.07845617954929669;;inclinandose;
2.6;0.49211668968200684;0.4398011863231659;-0.4502409100532532;0.5237069725990295;0.4568158686161041;-0.2699917256832123;0.4590126574039459;0.44515877962112427;-0.2716341018676758;0.5297344923019409;0.5543031692504883;-0.22773030400276184;0.43436679244041443;0.5365641713142395;-0.2425137460231781;0.5043694972991943;0.545272946357727;0.0024909707717597485;0.46615925431251526;0.5409148931503296;-0.002469210885465145;0.5071597099304199;0.6621479392051697;-0.1259370893239975;0.46342721581459045;0.6664859652519226;-0.1319781094789505;0.49845911264419557;0.4202117919921875;-0.4619588077068329;0.5330656915903091;0.6543520987033844;-0.29789893329143524;0.4280705600976944;0.6496598273515701;-0.3362128511071205;0.5166682600975037;0.8268762230873108;-0.07816613341371219;0.46021534005800885;0.8229671915372213;-0.07288256908456485;;inclinandose;
2.63;0.49216991662979126;0.4200250506401062;-0.44972166419029236;0.523853600025177;0.44375377893447876;-0.2690950334072113;0.4586241841316223;0.43680045008659363;-0.271969735622406;0.5301047563552856;0.5394169688224792;-0.22436931729316711;0.43239009380340576;0.5266421437263489;-0.23761089146137238;0.5043227672576904;0.5441495776176453;0.002562366658821702;0.466156005859375;0.5428263545036316;-0.002541154157370329;0.5078251957893372;0.6644920110702515;-0.11017902195453644;0.4628978669643402;0.6711441278457642;-0.11120264232158661;0.4985335856676102;0.4001521974802017;-0.4612835913896561;0.5331452190876007;0.6424203515052795;-0.28714752197265625;0.4264441877603531;0.6389681845903397;-0.32902954518795013;0.5167335867881775;0.8272583683331808;-0.04867157122741143;0.45963751276334125;0.8227620323499044;-0.04052254503282408;;inclinandose;
2.67;0.4920963644981384;0.4036406874656677;-0.4332219362258911;0.524650514125824;0.43352654576301575;-0.2535213530063629;0.4581848680973053;0.4246816337108612;-0.2609368562698364;0.530485212802887;0.5278083682060242;-0.2055538445711136;0.43275681138038635;0.5121920108795166;-0.2264309823513031;0.5045638680458069;0.5442206859588623;0.0032688346691429615;0.4660796523094177;0.5430176854133606;-0.0032595302909612656;0.5080641508102417;0.6644652485847473;-0.14448332786560059;0.4624450206756592;0.670949399471283;-0.11890969425439835;0.4984603077173233;0.38385898172855376;-0.4444808304309845;0.5330507904291153;0.6314912587404251;-0.26540809497237206;0.4258994311094284;0.6260063946247101;-0.29895084351301193;0.5166097084681193;0.829833467801412;-0.08774207904934883;0.4591902196407318;0.822676420211792;-0.05084478265295426;;inclinandose;
2.7;0.49193301796913147;0.38635995984077454;-0.4036090075969696;0.5246292948722839;0.42313525080680847;-0.23280514776706696;0.4582537114620209;0.41144058108329773;-0.23908551037311554;0.5303253531455994;0.5200173854827881;-0.18189363181591034;0.4331163763999939;0.5039252638816833;-0.20282644033432007;0.5046424865722656;0.5448632836341858;0.004043565131723881;0.46602529287338257;0.5431177616119385;-0.004060758277773857;0.5087168216705322;0.6644152998924255;-0.13597014546394348;0.4623338580131531;0.6700950860977173;-0.1217673122882843;0.49835247695446017;0.3662231206893921;-0.4128906011581421;0.5332286804914474;0.6229310184717178;-0.23429404571652412;0.4272104874253273;0.6181698739528656;-0.26559844613075256;0.5163724223772684;0.8288419445355734;-0.08296884472171466;0.4590018093585968;0.8224141995112101;-0.05966578361888727;;inclinandose;
2.73;0.4915617108345032;0.37198975682258606;-0.39465847611427307;0.5246418714523315;0.4137723743915558;-0.23255255818367004;0.4582209289073944;0.39974281191825867;-0.23348377645015717;0.5300248861312866;0.5123524069786072;-0.1874917596578598;0.4332127571105957;0.49486151337623596;-0.19891461730003357;0.5054246187210083;0.5450786352157593;0.004014631267637014;0.4660508632659912;0.543004035949707;-0.004016803577542305;0.5090590715408325;0.6657774448394775;-0.12530066072940826;0.4620785713195801;0.6718548536300659;-0.10433514416217804;0.49806245863437654;0.3511417269706726;-0.40442520678043364;0.5330210030078888;0.6145735830068588;-0.2472725473344326;0.42707037180662155;0.6093373596668243;-0.2634310945868492;0.5163199702898661;0.8284706672032675;-0.05780893688400587;0.4588529169559479;0.8223130106925964;-0.03158812193820874;;inclinandose;
2.77;0.49044471979141235;0.35452064871788025;-0.3722902834415436;0.5244722962379456;0.4020000994205475;-0.21932335197925568;0.45768189430236816;0.392026424407959;-0.22026917338371277;0.5299591422080994;0.5050498843193054;-0.18060317635536194;0.43371766805648804;0.48703911900520325;-0.1885264366865158;0.5058721899986267;0.5447165369987488;0.0027569185476750135;0.466059148311615;0.5434683561325073;-0.0028084462974220514;0.5092055201530457;0.6678000092506409;-0.1248592808842659;0.46202993392944336;0.6728395819664001;-0.0683622658252716;0.4973544210195541;0.3369996130466461;-0.3803236812353134;0.5328742563724518;0.6071663200855255;-0.24966861307621002;0.42773353308439255;0.6007498949766159;-0.2534884698688984;0.5159020821253458;0.8283813198407491;-0.05287982989102602;0.45881179968516034;0.8216363588968912;0.00793441633383433;;inclinandose;
2.8;0.490164190530777;0.3425801396369934;-0.3425043225288391;0.5242407321929932;0.3941917419433594;-0.19477292895317078;0.4567234218120575;0.3871098756790161;-0.19869472086429596;0.5293172597885132;0.4955320358276367;-0.1600448489189148;0.4342004060745239;0.48310989141464233;-0.16808371245861053;0.5058743953704834;0.5448729395866394;0.0023513638880103827;0.4660438895225525;0.5446375012397766;-0.002420742530375719;0.5095796585083008;0.6707398891448975;-0.11470188945531845;0.4618070125579834;0.6746174693107605;-0.056348949670791626;0.49712935090065;0.3248591423034668;-0.3489146441221237;0.532805010676384;0.5984335690736771;-0.23943258076906204;0.42809177935123444;0.5945880711078644;-0.23467588052153587;0.5156796375910441;0.8282924691836039;-0.052486859261989594;0.45873043934504193;0.8215195536613464;0.0240335650742054;;inclinandose;
2.83;0.48904842138290405;0.3329714238643646;-0.3341805338859558;0.5241277813911438;0.38657882809638977;-0.19185975193977356;0.45627155900001526;0.38014745712280273;-0.19084495306015015;0.5290258526802063;0.4877783954143524;-0.15667255222797394;0.43475115299224854;0.4776897430419922;-0.15750595927238464;0.5058517456054688;0.5439221262931824;0.0006609268020838499;0.4660120904445648;0.5437177419662476;-0.0007460004999302328;0.5098832249641418;0.6717687845230103;-0.07924118638038635;0.4613379240036011;0.6754865646362305;-0.0378388985991478;0.4963404774665833;0.31452278792858124;-0.34139173328876493;0.5329713374376297;0.5920229256153107;-0.2338504083454609;0.4284186214208603;0.5887091159820557;-0.22765696048736572;0.515607217947642;0.8281623522440592;-0.00574621744453907;0.45858609676361084;0.8214034835497538;0.046089149390657745;;inclinandose;
2.87;0.48858845233917236;0.32426097989082336;-0.30479905009269714;0.5233268141746521;0.3796776235103607;-0.16425980627536774;0.4559706449508667;0.3735233545303345;-0.17048875987529755;0.5283840298652649;0.4793764650821686;-0.12794731557369232;0.43597695231437683;0.47259142994880676;-0.13982605934143066;0.5058189034461975;0.5434734225273132;0.0003751895856112242;0.4658733904361725;0.5429341197013855;-0.00045970745850354433;0.5103124380111694;0.6707169413566589;-0.06420405954122543;0.4613035321235657;0.6758993864059448;-0.022741155698895454;0.4956817924976349;0.3055139422416687;-0.31020879596471784;0.5329524278640747;0.5827799141407013;-0.21026073023676872;0.4297962486743927;0.5826833844184875;-0.21432503312826157;0.5152538617451986;0.8269292116165161;0.0003777717550595601;0.4583886166413625;0.8218011856079102;0.0488329359019796;;inclinandose;
2.9;0.48841843008995056;0.3170822560787201;-0.2816043496131897;0.5223249197006226;0.37459346652030945;-0.14649608731269836;0.45530661940574646;0.37034860253334045;-0.15029427409172058;0.5280671715736389;0.474345862865448;-0.11307712644338608;0.43837064504623413;0.4713838994503021;-0.12073437869548798;0.5058160424232483;0.5423778295516968;-1,12E+10;0.4656382203102112;0.5425097942352295;-7,28E+10;0.5105090141296387;0.6705679297447205;-0.06611365079879761;0.46128085255622864;0.6753707528114319;-0.028166281059384346;0.49524854123592377;0.29903515577316286;-0.28590299338102343;0.5329277664422989;0.5787772089242935;-0.19939380884170532;0.432875894010067;0.5811396092176437;-0.1993180625140667;0.5150074362754822;0.8267583052317301;-0.015327142551541328;0.45827282468477887;0.8226036429405212;0.03216341386238734;;inclinandose;
2.93;0.488023579120636;0.3138876259326935;-0.2665451765060425;0.5212257504463196;0.3720872104167938;-0.13320638239383698;0.4546293318271637;0.3674379885196686;-0.13453422486782074;0.5269904136657715;0.4714151918888092;-0.0956498458981514;0.4401806592941284;0.4679355323314667;-0.10026410967111588;0.5057992935180664;0.541629433631897;-0.0004528178251348436;0.4655846655368805;0.542425274848938;0.00036908345646224916;0.5107216238975525;0.6704161167144775;-0.04309537261724472;0.46136218309402466;0.6749628186225891;-0.02422315627336502;0.49473810493946074;0.2953647941350937;-0.27112865447998047;0.5324877798557281;0.5758619904518127;-0.18112503364682198;0.43598583340644836;0.5786558389663696;-0.1816316619515419;0.5148178537686666;0.8268837332725525;0.003907408565282822;0.45816026131312054;0.8249045213063558;0.026419196277856827;;inclinandose;
2.97;0.4879177510738373;0.31005364656448364;-0.25535139441490173;0.5203064680099487;0.3682904541492462;-0.1179380714893341;0.4539153575897217;0.36445942521095276;-0.1282324492931366;0.5262200236320496;0.46560394763946533;-0.074414923787117;0.44158220291137695;0.4663015604019165;-0.09306590259075165;0.5057686567306519;0.5415116548538208;-0.0004074200987815857;0.46548545360565186;0.5419758558273315;0.0003154491714667529;0.5113040804862976;0.6758081912994385;-0.02070441283285618;0.46167320013046265;0.6781151294708252;-0.013016019947826862;0.4945194959640503;0.2917002379894257;-0.2594763994216919;0.5320316255092621;0.568564161658287;-0.1653081215918064;0.4371912404894829;0.5771878063678741;-0.17740866914391518;0.5151465535163879;0.8271186749140421;0.03436687278250853;0.4581085542837779;0.8266887068748474;0.044309576973319054;;inclinandose;
3.0;0.4873993396759033;0.307859867811203;-0.23307408392429352;0.5195946097373962;0.3658641278743744;-0.09351189434528351;0.45342668890953064;0.3640170395374298;-0.11113373935222626;0.5261864066123962;0.46264252066612244;-0.04772673547267914;0.44252076745033264;0.46648845076560974;-0.07558947056531906;0.505771279335022;0.5412999987602234;0.002987005515024066;0.4654856026172638;0.5417407155036926;-0.003069216152653098;0.5115865468978882;0.6827265024185181;-0.007219238672405481;0.4619634449481964;0.6816637516021729;-0.014632199890911579;0.4941248297691345;0.28906846046447754;-0.2358165293931961;0.5306763648986816;0.563826322555542;-0.14193745329976082;0.43937671929597855;0.5736089646816254;-0.159851286560297;0.5151685078938802;0.8286066651344299;0.05260665062814951;0.4583125710487366;0.8274129033088684;0.04995932740469774;;inclinandose;
3.03;0.48667579889297485;0.3051985204219818;-0.21126458048820496;0.5183169841766357;0.36440667510032654;-0.07493720203638077;0.4527978003025055;0.3631199896335602;-0.09087119251489639;0.5261288285255432;0.4617575407028198;-0.028757369145751;0.44292062520980835;0.4625907838344574;-0.054227523505687714;0.5056695342063904;0.5395962595939636;0.0029712088871747255;0.4654886722564697;0.5415294766426086;-0.0030489189084619284;0.5116564631462097;0.6801584959030151;-0.014310196042060852;0.46231961250305176;0.6855593919754028;-0.01740575209259987;0.4937282532453537;0.2871036767959595;-0.21260835081338883;0.529522106051445;0.5637685209512711;-0.12139424309134483;0.4417904019355774;0.5704294741153717;-0.13736161775887012;0.515421728293101;0.8292942444483439;0.025179526458183926;0.4583580791950226;0.8292505145072937;0.03509462376435598;;inclinandose;
3.07;0.485804945230484;0.30272945761680603;-0.18816791474819183;0.5173512101173401;0.36241739988327026;-0.05502934381365776;0.4524458050727844;0.3626604676246643;-0.0699930265545845;0.5261313915252686;0.46082404255867004;-0.012985127046704292;0.44293785095214844;0.46125954389572144;-0.038773853331804276;0.5056648254394531;0.5387057065963745;0.003074366133660078;0.465559184551239;0.5414115190505981;-0.00313816056586802;0.5116263031959534;0.6786471009254456;-0.01370468270033598;0.4625793695449829;0.6857839226722717;-0.020537693053483963;0.4930167019367218;0.28484547734260557;-0.1881378747522831;0.5283002108335495;0.5635026544332504;-0.10632365383207798;0.44288066029548645;0.5663585960865021;-0.12586197815835476;0.5152337153752645;0.8287390867869059;0.02992936099569003;0.45837167898813885;0.8304142157236735;0.03185665110747019;;inclinandose;
3.1;0.4848844110965729;0.302304744720459;-0.1877194494009018;0.5171483755111694;0.36179983615875244;-0.05681460350751877;0.4523228704929352;0.3626195192337036;-0.07110017538070679;0.5260776281356812;0.4601411819458008;-0.014803100377321243;0.4432409405708313;0.46284082531929016;-0.04202136769890785;0.5056774616241455;0.5386574268341064;0.003023491706699133;0.46564382314682007;0.5412896871566772;-0.003087711287662387;0.5116011500358582;0.6788278818130493;-0.00950994249433279;0.46283069252967834;0.6852052211761475;-0.015105880796909332;0.4922661244869232;0.2843251198530197;-0.18733499869704245;0.5272020399570465;0.5617130994796753;-0.10364731959998608;0.44567694514989853;0.5663402080535889;-0.1279606781899929;0.5154096086819967;0.8293188015619913;0.04424227587878704;0.45842645565668744;0.8309182922045389;0.047812151412169136;;inclinandose;
3.13;0.4843780994415283;0.30254825949668884;-0.18376535177230835;0.5171698331832886;0.3612552285194397;-0.052959274500608444;0.4522820711135864;0.36358314752578735;-0.07040439546108246;0.5259551405906677;0.4595542252063751;-0.015811938792467117;0.4446052610874176;0.4646069407463074;-0.04300343245267868;0.5057539939880371;0.5386419892311096;0.0034943537320941687;0.46601778268814087;0.5414543151855469;-0.0035513073671609163;0.5116029381752014;0.6781299710273743;-0.007609128020703793;0.4628728926181793;0.6857293844223022;-0.01803077943623066;0.4915541797876358;0.284634605050087;-0.1829976111650467;0.5263621360063553;0.5594760477542877;-0.11181164719164371;0.4482927769422531;0.5694948136806488;-0.12957905232906342;0.5152920484542847;0.8274190425872803;0.05573009637494882;0.458624670902888;0.8312073349952698;0.04731620289385319;;inclinandose;
3.17;0.48400822281837463;0.3027748167514801;-0.1718633472919464;0.5172284245491028;0.3604126572608948;-0.04619141295552254;0.4521941542625427;0.3638952672481537;-0.0600460059940815;0.5258419513702393;0.4585670828819275;-0.012361444532871246;0.44577547907829285;0.46490707993507385;-0.03517384082078934;0.50631183385849;0.5386536121368408;0.0033600814640522003;0.4666226804256439;0.5421168804168701;-0.003408350283280015;0.5121244192123413;0.6779535412788391;-0.008309655822813511;0.462927907705307;0.6854466199874878;-0.015996120870113373;0.4911151587963104;0.2848930865526199;-0.171181321144104;0.5253190249204636;0.5579869151115417;-0.10866251401603222;0.45020540803670883;0.5704253017902374;-0.1227231752127409;0.5153924028078715;0.8269996245702108;0.052396935721238456;0.4587126175562541;0.8311037023862203;0.04772565389672915;;vertical;
3.2;0.48365315794944763;0.3028757870197296;-0.1711292415857315;0.5172616243362427;0.3601340055465698;-0.048639927059412;0.4520604908466339;0.3649316728115082;-0.06088050827383995;0.5257312059402466;0.4593466818332672;-0.01624072715640068;0.4462275505065918;0.4660665690898895;-0.03801187127828598;0.5068657398223877;0.5388533473014832;0.0028036439325660467;0.46700409054756165;0.5430282950401306;-0.002838209504261613;0.5128127932548523;0.6779091954231262;-0.007230205461382866;0.46292829513549805;0.6853207349777222;-0.012552864849567413;0.49068798720836637;0.28498475849628446;-0.17028615921735762;0.5242781788110733;0.55905582010746;-0.11039719544351101;0.45127904415130615;0.5712373107671738;-0.12466144748032093;0.5155981183052063;0.8270988861719767;0.0502547916645805;0.4587382872899373;0.830460806687673;0.049076116954286896;;vertical;
3.23;0.4833379089832306;0.3030763268470764;-0.16455763578414917;0.5172924995422363;0.36027535796165466;-0.046573206782341;0.45195087790489197;0.36568179726600647;-0.05421283468604088;0.5256212949752808;0.46043387055397034;-0.01572517491877079;0.4465411901473999;0.466662734746933;-0.03142169862985611;0.5075559616088867;0.5392605066299438;0.0012556235305964947;0.46745821833610535;0.5438096523284912;-0.0012757848016917706;0.5131261348724365;0.6784684062004089;-0.0073488624766469;0.4629204273223877;0.6851028800010681;-0.009346113540232182;0.49037283957004546;0.2852701723575592;-0.1633868247270584;0.5235704034566879;0.5596189349889755;-0.10971088148653507;0.45167193561792374;0.571240708231926;-0.12010621465742588;0.51589435338974;0.8270994226137797;0.050909207202494144;0.45878884196281433;0.8298757672309875;0.05279409668097893;;vertical;
3.27;0.4828161299228668;0.30350902676582336;-0.15894615650177002;0.5173413157463074;0.3606397807598114;-0.04407968744635582;0.4519656300544739;0.3663305640220642;-0.04515485838055611;0.5256050825119019;0.4608972370624542;-0.016785867512226105;0.4468024969100952;0.4672324061393738;-0.023222666233778;0.5077848434448242;0.5395700931549072;-0.0007186957518570125;0.46771129965782166;0.5444192886352539;0.0007044852827675641;0.5132304430007935;0.6793636679649353;-0.008626502938568592;0.462848961353302;0.685894787311554;-0.006627554539591074;0.4898491382598877;0.2856987714767456;-0.15808797553181647;0.5230594426393509;0.5601807236671448;-0.11444775760173798;0.4521189406514168;0.5717243850231171;-0.11569834686815739;0.5163299043973287;0.82729572057724;0.05645949145158132;0.4589667121569316;0.8300936222076416;0.06169325297620768;;vertical;
3.3;0.482455313205719;0.3039209544658661;-0.1647789478302002;0.5173740386962891;0.36056143045425415;-0.04783354327082634;0.4519948363304138;0.3667207956314087;-0.04829324036836624;0.5256041884422302;0.4606938064098358;-0.019418517127633095;0.4471381604671478;0.4676213562488556;-0.0251048244535923;0.5079106092453003;0.5395938158035278;-0.0016208076849579811;0.46786436438560486;0.5446109771728516;0.00160302990116179;0.5132609605789185;0.6792725324630737;-0.011954003013670444;0.46270889043807983;0.6862239241600037;-0.007282822392880917;0.4894208341836929;0.28607961535453796;-0.16438090801239014;0.5226530283689499;0.560018002986908;-0.11892766691744328;0.4523719623684883;0.5720847249031067;-0.11912213824689388;0.516388992468516;0.8270768523216248;0.06213483777052412;0.4590466519196828;0.8302014271418253;0.0656851870007813;;vertical;
3.33;0.48202118277549744;0.3039974570274353;-0.16898594796657562;0.5173893570899963;0.3606935739517212;-0.05231095105409622;0.45201417803764343;0.3669927418231964;-0.05046367272734642;0.5256159901618958;0.4603927433490753;-0.023055776953697205;0.44744232296943665;0.4678333103656769;-0.025946179404854774;0.5080812573432922;0.5395873785018921;-0.0025580001529306173;0.4679723083972931;0.5446509122848511;0.002540183486416936;0.5132471323013306;0.679243803024292;-0.01286158338189125;0.46249306201934814;0.6865264177322388;-0.005855298601090908;0.4889251798391342;0.2861691236495972;-0.1689110942184925;0.5224847495555878;0.5596420019865036;-0.12146527133882046;0.4525829702615738;0.5723509639501572;-0.11999989859759808;0.5165008107821146;0.8269840478897095;0.0614589878047506;0.45904143651326496;0.8303268353144327;0.06662825906338792;;vertical;
3.37;0.4817303419113159;0.3038927912712097;-0.1718844324350357;0.5174090266227722;0.3605317771434784;-0.056057848036289215;0.452030211687088;0.36720380187034607;-0.05184485763311386;0.5256552696228027;0.45971256494522095;-0.025844916701316833;0.4476923942565918;0.4679050147533417;-0.025226447731256485;0.50821453332901;0.5395666360855103;-0.004197939299046993;0.46802231669425964;0.5446348786354065;0.0041772108525037766;0.5132293701171875;0.6791859865188599;-0.013580209575593472;0.46239423751831055;0.686432957649231;-0.003633539890870452;0.48857506811618806;0.28611902296543124;-0.17198554202914237;0.5224930047988892;0.5590656101703644;-0.12286937795579433;0.4524361416697502;0.572611853480339;-0.11865746974945068;0.5166540344556173;0.8271014293034872;0.05674926470965147;0.4590127368768056;0.8303443392117819;0.06623992533423007;;vertical;
3.4;0.48153871297836304;0.3038502037525177;-0.1775023192167282;0.5174254179000854;0.36080044507980347;-0.05911063775420189;0.45204371213912964;0.36726853251457214;-0.05520666390657425;0.5256506204605103;0.460081547498703;-0.02766447514295578;0.44785866141319275;0.46800553798675537;-0.026027275249361992;0.5083106160163879;0.5398305058479309;-0.004576569423079491;0.46803319454193115;0.5448957085609436;0.004548242781311274;0.5132157206535339;0.6813005805015564;-0.014131610281765461;0.4622523784637451;0.6866868138313293;-0.0032646169420331717;0.4883235812187195;0.28606718182563784;-0.17775802612304686;0.522620901465416;0.5595781654119492;-0.12367845885455608;0.45225904881954193;0.5727473348379135;-0.11936375498771667;0.5166536370913187;0.8285575906435648;0.06205761323993405;0.45903006196022034;0.8304276267687479;0.07302169222384691;;vertical;
3.43;0.4814527928829193;0.30391639471054077;-0.17785228788852692;0.5174370408058167;0.3610740005970001;-0.059430595487356186;0.4520517885684967;0.36752405762672424;-0.05528717115521431;0.5256556272506714;0.4604220688343048;-0.026563623920083046;0.44785773754119873;0.4684254825115204;-0.026280002668499947;0.5083040595054626;0.5402533411979675;-0.00439829844981432;0.46802905201911926;0.545269250869751;0.004366071429103613;0.5131584405899048;0.6834934949874878;-0.014533493667840958;0.4620085060596466;0.687593400478363;-0.004324430134147406;0.48819338977336885;0.2861297309398651;-0.1779104933142662;0.5238861590623856;0.5598288625478745;-0.12268411368131638;0.4519980922341347;0.5732369124889374;-0.11984740942716599;0.5167167584101359;0.8293169339497884;0.06705608475022018;0.4589694142341614;0.8306191364924113;0.07516730576753616;;vertical;
3.47;0.4814329445362091;0.30389928817749023;-0.18361587822437286;0.517448902130127;0.36127814650535583;-0.061317186802625656;0.4520605504512787;0.36815884709358215;-0.05815456062555313;0.5257391333580017;0.46049627661705017;-0.02735254168510437;0.44784021377563477;0.4700115919113159;-0.03019224852323532;0.5082945823669434;0.5403360724449158;-0.003944339230656624;0.46802419424057007;0.5452407598495483;0.0038996045477688313;0.5131196975708008;0.6836174726486206;-0.014777525328099728;0.4620184600353241;0.6875010132789612;-0.005216673947870731;0.4881343573331833;0.2861003875732422;-0.18330953791737556;0.5252403765916824;0.5601804256439209;-0.12221531756222248;0.4518425017595291;0.5735192745923996;-0.12207643128931522;0.5167369445164999;0.8300444285074869;0.062226766565193735;0.45895031094551086;0.8310538530349731;0.0722747001176079;;vertical;
3.5;0.4813652038574219;0.3038749098777771;-0.17502722144126892;0.5174517035484314;0.36144959926605225;-0.05631916597485542;0.4520754814147949;0.3682548701763153;-0.05019274726510048;0.5257585644721985;0.4606975018978119;-0.022436542436480522;0.44784435629844666;0.46971210837364197;-0.019782761111855507;0.5082865953445435;0.540471076965332;-0.004070099908858538;0.46800854802131653;0.5452319383621216;0.004029489122331142;0.5131251215934753;0.6848490238189697;-0.015194112434983253;0.46196016669273376;0.687576413154602;-0.006021857727319002;0.4880482852458954;0.2860807627439499;-0.17486652508378028;0.5257815569639206;0.5618417710065842;-0.11840245872735977;0.45147181302309036;0.573421910405159;-0.11500894837081432;0.5168098409970602;0.8302338123321533;0.06189084363480409;0.4588789741198222;0.8310646017392477;0.07041520268345873;;vertical;
3.53;0.4813375771045685;0.30396607518196106;-0.1675732135772705;0.517457127571106;0.3615446090698242;-0.04793374985456467;0.45208218693733215;0.36833545565605164;-0.046126142144203186;0.5257261991500854;0.4615991711616516;-0.013887560926377773;0.447870671749115;0.4695989489555359;-0.017821747809648514;0.5082678198814392;0.5407161712646484;-0.004050510004162788;0.4678827226161957;0.545192301273346;0.004010546021163464;0.5131289958953857;0.6855297088623047;-0.015571371652185917;0.4619591534137726;0.6875353455543518;-0.006813820451498032;0.4879862904548645;0.2861803561449051;-0.16718882396817208;0.5262633115053177;0.5644555240869522;-0.10984090343117714;0.45067257434129715;0.5726368725299835;-0.11389690451323986;0.516801675160726;0.830213745435079;0.06345405196771026;0.4588480194409688;0.8309845924377441;0.06878181888411443;;vertical;
3.57;0.48128238320350647;0.3040747344493866;-0.16102679073810577;0.5174617171287537;0.361575186252594;-0.040562547743320465;0.4521040916442871;0.36839213967323303;-0.04177585989236832;0.5256969332695007;0.46238839626312256;-0.006536869332194328;0.44786474108695984;0.469479501247406;-0.015099604614078999;0.5081914663314819;0.5411375761032104;-0.003540510544553399;0.46765485405921936;0.5451707243919373;0.003500408725813031;0.513123095035553;0.6866995096206665;-0.0167235154658556;0.461954265832901;0.6875684261322021;-0.00944091472774744;0.48786136507987976;0.28627934455871584;-0.16058695688843727;0.5271771103143692;0.5657123923301697;-0.10267917066812515;0.44963379204273224;0.5720145255327225;-0.11187408678233624;0.5167403419812521;0.8301905790964762;0.06621586426626891;0.4587843616803487;0.8310119907061259;0.06891943623001377;;vertical;
3.6;0.4811477065086365;0.30414801836013794;-0.15952803194522858;0.5174667835235596;0.361701101064682;-0.03888743743300438;0.45214423537254333;0.3684326410293579;-0.040045589208602905;0.525670051574707;0.46267443895339966;-0.004266208969056606;0.44784873723983765;0.46928733587265015;-0.012518123723566532;0.5081498622894287;0.541355311870575;-0.003243441926315427;0.4674895703792572;0.5451512932777405;0.0032064563129097223;0.5130953192710876;0.6869466304779053;-0.016922403126955032;0.46194732189178467;0.6876952052116394;-0.010732689872384071;0.4875923842191696;0.286381208896637;-0.15943057090044022;0.5276725143194199;0.5664261132478714;-0.09915627911686897;0.44877246022224426;0.571616068482399;-0.10888276994228363;0.516737143198649;0.8302411834398905;0.06505574340311189;0.45871755480766296;0.8310180306434631;0.06803695058139662;;vertical;
3.63;0.4810483753681183;0.30422157049179077;-0.1610264927148819;0.5174885988235474;0.36186835169792175;-0.0410509891808033;0.4522462785243988;0.3684532046318054;-0.04051203280687332;0.5255644917488098;0.46272891759872437;-0.0066028316505253315;0.44783562421798706;0.4688205420970917;-0.0118888383731246;0.5080441236495972;0.5414133071899414;-0.0031663572881370783;0.4673146605491638;0.5450440049171448;0.003129564691334963;0.5130079984664917;0.6869560480117798;-0.017675533890724182;0.4619750380516052;0.6875731348991394;-0.01194841880351305;0.4873929262161255;0.2864457815885544;-0.16117320954799652;0.5279434323310852;0.566941648721695;-0.10176556371152401;0.44786395132541656;0.5713847428560257;-0.10743727348744869;0.5167386134465536;0.8304797609647115;0.06425822468008846;0.45865164200464886;0.8310114741325378;0.06665813472742836;;vertical;
3.67;0.48092302680015564;0.30428346991539;-0.15954704582691193;0.5175265073776245;0.36210229992866516;-0.041009772568941116;0.45239293575286865;0.36846068501472473;-0.03902610018849373;0.5255207419395447;0.46325966715812683;-0.0066075632348656654;0.4478299021720886;0.46817219257354736;-0.00984572060406208;0.5078985691070557;0.5415160655975342;-0.003047100966796279;0.4671442210674286;0.544948399066925;0.003008843632414937;0.5128787159919739;0.6870737671852112;-0.018021751195192337;0.46198001503944397;0.6875142455101013;-0.012749839574098587;0.4871913522481918;0.2864861339330673;-0.1596710965037346;0.5282193571329117;0.5676425397396088;-0.10054249502718449;0.4472139701247215;0.5709309279918671;-0.10426001623272896;0.5167528589566549;0.8306306600570679;0.0636042495413373;0.4586022694905599;0.8309376041094462;0.06479324221921463;;vertical;
3.7;0.4808584153652191;0.3043237030506134;-0.16153684258460999;0.5175575017929077;0.36233437061309814;-0.04304832965135574;0.452493280172348;0.3684673607349396;-0.041277553886175156;0.5254920721054077;0.46384361386299133;-0.008500807918608189;0.44780224561691284;0.46803370118141174;-0.012235529720783234;0.5078494548797607;0.5417590737342834;-0.0028685301076620817;0.4670436680316925;0.5449327230453491;0.00282662152312696;0.5128424167633057;0.6872038245201111;-0.01817416399717331;0.4619821012020111;0.6875128149986267;-0.013113527558743954;0.4870942622423172;0.28653075098991393;-0.16155904456973075;0.5284571200609207;0.5684372931718826;-0.10200526937842369;0.446460485458374;0.5709041059017181;-0.10614042729139328;0.5167186458905538;0.8306706150372823;0.06316533304440479;0.45858293771743774;0.8308486143747965;0.0640065842308104;;vertical;
3.73;0.48083406686782837;0.3043595850467682;-0.16781839728355408;0.5175679326057434;0.3623971939086914;-0.04695771262049675;0.452593058347702;0.36845794320106506;-0.04574602097272873;0.5254855155944824;0.4639888107776642;-0.008753125555813313;0.44779589772224426;0.46798768639564514;-0.014760615304112434;0.5077801942825317;0.541800856590271;-0.0024090372025966644;0.46687763929367065;0.5448663830757141;0.0023616012185811996;0.5128150582313538;0.6871980428695679;-0.01837981678545475;0.4620184600353241;0.6875051259994507;-0.013803585432469845;0.487045019865036;0.28657207190990447;-0.16814736649394035;0.5286202877759933;0.5688421726226807;-0.10350211896002293;0.44604093581438065;0.5708590149879456;-0.10820200480520725;0.5166709423065186;0.8307257294654846;0.06271195124524336;0.4585146903991699;0.8308709263801575;0.06245521502569318;;vertical;
