segundo;landmark_10_x;landmark_10_y;landmark_10_z;landmark_11_x;landmark_11_y;landmark_11_z;landmark_12_x;landmark_12_y;landmark_12_z;landmark_13_x;landmark_13_y;landmark_13_z;landmark_14_x;landmark_14_y;landmark_14_z;landmark_23_x;landmark_23_y;landmark_23_z;landmark_24_x;landmark_24_y;landmark_24_z;landmark_25_x;landmark_25_y;landmark_25_z;landmark_26_x;landmark_26_y;landmark_26_z;cara_prom_x;cara_prom_y;cara_prom_z;mano_izquierda_prom_x;mano_izquierda_prom_y;mano_izquierda_prom_z;mano_derecha_prom_x;mano_derecha_prom_y;mano_derecha_prom_z;pie_izquierdo_prom_x;pie_izquierdo_prom_y;pie_izquierdo_prom_z;pie_derecho_prom_x;pie_derecho_prom_y;pie_derecho_prom_z;Etiqueta;Vista
0.03;0.47753989696502686;0.2898048758506775;-0.1970381885766983;0.5197929739952087;0.35741037130355835;-0.061629682779312134;0.4498743414878845;0.3537449836730957;-0.06094998121261597;0.5288140773773193;0.45832452178001404;-0.02472507953643799;0.43738919496536255;0.45808494091033936;-0.023563919588923454;0.5016923546791077;0.5498703122138977;0.0006282127578742802;0.4586363434791565;0.5496798157691956;-0.0006545623182319105;0.5027802586555481;0.6947305202484131;-0.0068394835107028484;0.45293107628822327;0.7018855214118958;-0.01526564545929432;0.4840488493442535;0.27004035711288454;-0.19984810501337053;0.5372378975152969;0.5640332847833633;-0.1344088912010193;0.425135038793087;0.5691058188676834;-0.12317334115505219;0.500110944112142;0.8538992007573446;0.07146601375037183;0.4483231206734975;0.8597169319788615;0.06311902621140082;vertical;frontal
0.07;0.477539986371994;0.28980597853660583;-0.18547247350215912;0.5198364853858948;0.3575725555419922;-0.054516181349754333;0.44984546303749084;0.3536873757839203;-0.0550697036087513;0.5282474756240845;0.4590817391872406;-0.015754621475934982;0.43740078806877136;0.45847952365875244;-0.020623307675123215;0.5016926527023315;0.5503184199333191;0.00011838508362416178;0.45820996165275574;0.5502974987030029;-0.00013986483099870384;0.5026483535766602;0.697115957736969;-0.009362062439322472;0.4523659348487854;0.7052001357078552;-0.014792024157941341;0.48403969407081604;0.27005799412727355;-0.18759738355875016;0.5367647111415863;0.5655243098735809;-0.11519853956997395;0.42518696933984756;0.5677110850811005;-0.12084888480603695;0.4999246994654338;0.8559205929438273;0.0633341393743952;0.4488479197025299;0.8617174824078878;0.06007914524525404;vertical;frontal
0.1;0.47749975323677063;0.2898256480693817;-0.18309162557125092;0.5198694467544556;0.3577538728713989;-0.05092744156718254;0.44975608587265015;0.353690505027771;-0.05200750753283501;0.5276328325271606;0.4592534899711609;-0.009565961547195911;0.43739983439445496;0.45851925015449524;-0.017749913036823273;0.5016806721687317;0.5505853295326233;-0.0003585787198971957;0.4578342139720917;0.5507268905639648;0.00034572952426970005;0.5023471713066101;0.698681116104126;-0.010937551967799664;0.45216163992881775;0.7067545056343079;-0.014578927308321;0.48399498164653776;0.2700822830200195;-0.18520353883504867;0.5363668650388718;0.5657880455255508;-0.10686013847589493;0.42522643506526947;0.5663544088602066;-0.11959835141897202;0.4998037616411845;0.8567563891410828;0.0601382510115703;0.4491313099861145;0.8625470399856567;0.058374324813485146;vertical;frontal
0.13;0.47724640369415283;0.28982460498809814;-0.18528255820274353;0.519865095615387;0.35807350277900696;-0.05248130112886429;0.44950559735298157;0.35379284620285034;-0.05318552628159523;0.5269380807876587;0.4596400260925293;-0.012609211727976799;0.43711036443710327;0.45855462551116943;-0.018757622689008713;0.5015891194343567;0.5506120324134827;-0.0006503783515654504;0.45735830068588257;0.5509048700332642;0.0006350488984026015;0.5021685361862183;0.6989423632621765;-0.01533854566514492;0.451935350894928;0.7081825733184814;-0.014592962339520454;0.48387048840522767;0.270072677731514;-0.18745221868157386;0.536024808883667;0.5662487298250198;-0.11129944212734699;0.4253297597169876;0.5662003010511398;-0.11974548548460007;0.499744455019633;0.8570850094159445;0.05598080841203531;0.4493514398733775;0.8630750775337219;0.05639788384238879;vertical;frontal
0.17;0.4769623577594757;0.2898251414299011;-0.18098221719264984;0.519722044467926;0.35808852314949036;-0.048046380281448364;0.44918280839920044;0.3537920117378235;-0.050027672201395035;0.5261289477348328;0.45956850051879883;-0.006275197025388479;0.4367758333683014;0.45790794491767883;-0.016202412545681;0.5015314221382141;0.550613522529602;-0.0006847219774499536;0.45703187584877014;0.5510244369506836;0.0006698356010019779;0.5021209120750427;0.6995954513549805;-0.014617529697716236;0.4515106976032257;0.7088087797164917;-0.014453080482780933;0.4836630910634995;0.27006916105747225;-0.1828326866030693;0.5354474484920502;0.5663090497255325;-0.10115954652428627;0.4254891872406006;0.5658292174339294;-0.11578541062772274;0.4998793105284373;0.8579872647921244;0.057886422611773014;0.449401060740153;0.8633439540863037;0.05689864916106065;vertical;frontal
0.2;0.4766676425933838;0.28982511162757874;-0.18217936158180237;0.5195193886756897;0.35811132192611694;-0.04992755874991417;0.4487377405166626;0.35378775000572205;-0.05081304535269737;0.5254485011100769;0.45959922671318054;-0.00920101348310709;0.43649986386299133;0.45751652121543884;-0.016724668443202972;0.5013554692268372;0.5506001710891724;-0.000795041851233691;0.45657384395599365;0.5511294603347778;0.0007777776336297393;0.501994252204895;0.6997656226158142;-0.014251752756536007;0.45107725262641907;0.7091192007064819;-0.014273444190621376;0.4833593785762787;0.27005464136600493;-0.18426594659686088;0.5339259654283524;0.566622331738472;-0.10630396194756031;0.4255724623799324;0.5657162964344025;-0.1154621820896864;0.49996455510457355;0.8583235144615173;0.058646287148197494;0.4494377275307973;0.8634628653526306;0.058483466506004333;vertical;frontal
0.23;0.47613537311553955;0.2898394763469696;-0.18310001492500305;0.5192300081253052;0.3581611216068268;-0.050949569791555405;0.4481125473976135;0.3537878394126892;-0.0513673834502697;0.5249103903770447;0.45970404148101807;-0.010551541112363338;0.4362366497516632;0.4574308395385742;-0.017013665288686752;0.5010144710540771;0.5506961345672607;-0.0009001272264868021;0.45618322491645813;0.5512350797653198;0.0008819490321911871;0.5018153786659241;0.7004314064979553;-0.014787571504712105;0.4507730007171631;0.7094376087188721;-0.014066184870898724;0.48282369375228884;0.27005588710308076;-0.18529307693243027;0.5323130488395691;0.567451149225235;-0.10887203738093376;0.4257628098130226;0.5653854757547379;-0.11601259559392929;0.5001149376233419;0.8585143089294434;0.06332248356193304;0.44950881600379944;0.8635844786961874;0.06410321686416864;vertical;frontal
0.27;0.4758286774158478;0.2898557484149933;-0.17900976538658142;0.5188854932785034;0.3582380712032318;-0.050980258733034134;0.44736650586128235;0.35394543409347534;-0.0486738421022892;0.5245347619056702;0.460415244102478;-0.014269006438553333;0.43543359637260437;0.4578089416027069;-0.01652229018509388;0.5006664991378784;0.5508625507354736;-0.0010905418312177062;0.45588165521621704;0.5514974594116211;0.001071209437213838;0.501559317111969;0.7004918456077576;-0.015942035242915154;0.45026472210884094;0.7097243666648865;-0.013812357559800148;0.4825123608112335;0.2700622230768204;-0.180599182844162;0.5309644937515259;0.5678686797618866;-0.11914992891252041;0.42592860013246536;0.565480038523674;-0.11575847864151001;0.5001261631647745;0.8586847384770712;0.06794753173987071;0.44958439469337463;0.8636519908905029;0.06918716228877504;vertical;frontal
0.3;0.47544655203819275;0.2898655831813812;-0.1752728521823883;0.5180916786193848;0.35823771357536316;-0.050007980316877365;0.44669249653816223;0.3539634346961975;-0.04314073175191879;0.5238580703735352;0.46041160821914673;-0.014809364452958107;0.43448808789253235;0.4576377272605896;-0.010977597907185555;0.5001730918884277;0.5508822798728943;-0.001970547717064619;0.4553418755531311;0.5514951944351196;0.0019490070408210158;0.5006482005119324;0.7006868124008179;-0.016714390367269516;0.45001572370529175;0.7098786234855652;-0.012677134945988655;0.48212467730045316;0.2700664520263672;-0.17681429758667946;0.5293888598680496;0.5685882717370987;-0.12103097140789032;0.4260202795267105;0.5656748265028;-0.11034327000379562;0.5000631113847097;0.8587679465611776;0.06995262818721433;0.4496343533198039;0.8637380599975586;0.07227105802545945;vertical;frontal
0.33;0.47497692704200745;0.28986671566963196;-0.17740148305892944;0.5169997215270996;0.358335942029953;-0.05035872012376785;0.4459758996963501;0.3539661169052124;-0.04371609911322594;0.5227459669113159;0.46028611063957214;-0.013704147189855576;0.43369269371032715;0.45690521597862244;-0.008389992639422417;0.499539315700531;0.5509251952171326;-0.002697271527722478;0.4547507166862488;0.5515090227127075;0.002665736246854067;0.499541312456131;0.7013862133026123;-0.01625172793865204;0.4498375952243805;0.7102486491203308;-0.011018351651728153;0.4816573441028595;0.27008503675460815;-0.17903495877981185;0.5280919373035431;0.5691985785961151;-0.11550173722207546;0.4259911850094795;0.5658661276102066;-0.10684134997427464;0.49990902344385785;0.8588781555493673;0.07365072475901495;0.44966090718905133;0.8638044595718384;0.07575199225296576;vertical;frontal
0.37;0.47452351450920105;0.28989019989967346;-0.18204331398010254;0.5160446166992188;0.3586038649082184;-0.05666208267211914;0.4453759491443634;0.35408395528793335;-0.049596402794122696;0.5219210982322693;0.460287868976593;-0.017361661419272423;0.4331051707267761;0.4568316638469696;-0.014441288076341152;0.4989506006240845;0.5505080819129944;-0.0029012667946517467;0.4543018043041229;0.551372766494751;0.0028646918945014477;0.4990098774433136;0.7013531923294067;-0.015044104307889938;0.4497726261615753;0.7101800441741943;-0.009805327281355858;0.48119487166404723;0.2701973646879196;-0.18379449620842933;0.5272267013788223;0.5695336014032364;-0.11555425077676773;0.42593543976545334;0.566537544131279;-0.10842578858137131;0.4998931090037028;0.8595056732495626;0.06583653095488746;0.4496452510356903;0.863851269086202;0.07027832562259088;vertical;frontal
0.4;0.47389665246009827;0.28994664549827576;-0.1803216189146042;0.5150406360626221;0.35898759961128235;-0.0565074123442173;0.4447985291481018;0.3542442321777344;-0.049511753022670746;0.5207343697547913;0.46035584807395935;-0.01731116697192192;0.43257302045822144;0.4567640721797943;-0.014518752694129944;0.4979953467845917;0.5498126149177551;-0.003042523516342044;0.45378342270851135;0.5507190823554993;0.0030028480105102062;0.4983992278575897;0.7012645602226257;-0.01430815365165472;0.44962450861930847;0.7098731398582458;-0.010006939060986042;0.48067607283592223;0.2705134928226471;-0.182049261033535;0.5265338122844696;0.569560632109642;-0.11322266981005669;0.4256231412291527;0.5672266930341721;-0.1092614121735096;0.4998207986354828;0.859647274017334;0.06181477506955465;0.4496342937151591;0.8638144135475159;0.0626370944082737;vertical;frontal
0.43;0.4735155701637268;0.29030296206474304;-0.18192236125469208;0.5141525268554688;0.3600395917892456;-0.0587533563375473;0.44403767585754395;0.3552090525627136;-0.05065854638814926;0.5198896527290344;0.46123215556144714;-0.020223215222358704;0.43157336115837097;0.4567309319972992;-0.015508783981204033;0.49723249673843384;0.5493788123130798;-0.003297921270132065;0.4532727599143982;0.5501635074615479;0.003254357725381851;0.4976584017276764;0.70047926902771;-0.014294386841356754;0.44950437545776367;0.7097968459129333;-0.010063505731523037;0.480410972237587;0.27155924439430235;-0.18347983285784722;0.5261321365833282;0.5699696689844131;-0.11593389697372913;0.42509128153324127;0.5674803704023361;-0.11004528775811195;0.499213178952535;0.858841061592102;0.06242048554122448;0.44955718517303467;0.8637909889221191;0.06151844405879577;sentandose ;frontal
0.47;0.47330135107040405;0.29299724102020264;-0.19976453483104706;0.5136961936950684;0.36162805557250977;-0.06887085735797882;0.44372037053108215;0.35701557993888855;-0.06523856520652771;0.519745945930481;0.4616515040397644;-0.02541365846991539;0.4310350716114044;0.4566822350025177;-0.02665187232196331;0.49698659777641296;0.5493585467338562;-0.0032503337133675814;0.45321956276893616;0.5501059889793396;0.0032045042607933283;0.4966140389442444;0.6981173753738403;-0.01422133855521679;0.4492431581020355;0.7086388468742371;-0.01258671935647726;0.4802416205406189;0.2751828908920288;-0.20240398943424226;0.5259970426559448;0.570009246468544;-0.11957693472504616;0.42487429827451706;0.5675075352191925;-0.11824986338615417;0.4984443386395772;0.855887750784556;0.0687761059962213;0.4493663211663564;0.8637083768844604;0.05787377059459686;sentandose ;frontal
0.5;0.47287917137145996;0.2986128032207489;-0.20604349672794342;0.5132108926773071;0.3654499053955078;-0.07496528327465057;0.44315096735954285;0.3620762526988983;-0.0696849599480629;0.5198209881782532;0.4658765494823456;-0.03394632041454315;0.4308600425720215;0.4595394432544708;-0.03165623918175697;0.49691179394721985;0.5509379506111145;-0.0035527092404663563;0.4532148241996765;0.5517532229423523;0.0035038988571614027;0.4964568614959717;0.6971606016159058;-0.04297356307506561;0.44903409481048584;0.7083399891853333;-0.01704014278948307;0.4799241811037064;0.2798446327447891;-0.20840346068143845;0.5258720219135284;0.5735643059015274;-0.13187031634151936;0.42487818747758865;0.5727141350507736;-0.12309315986931324;0.4979426860809326;0.8546953598658243;0.04404038997987906;0.44925788044929504;0.8636029561360677;0.050752456610401474;sentandose ;frontal
0.53;0.4721899628639221;0.3058337867259979;-0.21762993931770325;0.5127040147781372;0.3710879385471344;-0.08978185057640076;0.4425106644630432;0.3680502474308014;-0.07694019377231598;0.5198901295661926;0.47162705659866333;-0.052032195031642914;0.43095237016677856;0.4651595652103424;-0.03540986403822899;0.4967854619026184;0.5543337464332581;-0.004623111803084612;0.45320430397987366;0.5551531910896301;0.004572758916765451;0.4965279996395111;0.6978917717933655;-0.0382181741297245;0.44868209958076477;0.708279013633728;-0.01591653935611248;0.4793096750974655;0.2875575006008148;-0.22127261757850647;0.5256023705005646;0.5768139660358429;-0.15328367799520493;0.4248495399951935;0.5792088508605957;-0.12594726867973804;0.4979450503985087;0.8547967274983724;0.05027385242283344;0.44912562767664593;0.8636270562807719;0.05386325748016437;sentandose ;frontal
0.57;0.4716538190841675;0.3148130774497986;-0.24873489141464233;0.5118572115898132;0.3809930980205536;-0.11283180117607117;0.44094711542129517;0.37784871459007263;-0.1082867756485939;0.5198939442634583;0.48107728362083435;-0.07277550548315048;0.43089035153388977;0.47652193903923035;-0.06688740104436874;0.49645695090293884;0.558584988117218;-0.003853561356663704;0.4531073272228241;0.5591499209403992;0.003785017179325223;0.49657201766967773;0.6995708346366882;-0.024180550128221512;0.44856226444244385;0.7082532644271851;-0.012154150754213333;0.4788783460855484;0.2969064861536026;-0.25119090974330904;0.525406539440155;0.5851226896047592;-0.17032651975750923;0.4246790334582329;0.5883312821388245;-0.15459393337368965;0.4986330469449361;0.8557881712913513;0.06482892856001854;0.4491228759288788;0.8634995619455973;0.06346242999037106;sentandose ;frontal
0.6;0.4713572859764099;0.3254614770412445;-0.2689721882343292;0.5116185545921326;0.3919467031955719;-0.13564684987068176;0.43979886174201965;0.3905954957008362;-0.13135617971420288;0.5199317932128906;0.492073118686676;-0.09824137389659882;0.43067440390586853;0.489822655916214;-0.09399519115686417;0.49593082070350647;0.5615244507789612;-0.00245697982609272;0.45308855175971985;0.5632513165473938;0.002373170107603073;0.49677833914756775;0.6997553110122681;-0.05002763494849205;0.44851812720298767;0.7082423567771912;-0.02942519448697567;0.4783431559801102;0.3077272564172745;-0.27136228084564207;0.5252270996570587;0.5980250686407089;-0.18784699961543083;0.4245176762342453;0.6023873388767242;-0.17518805339932442;0.49877821405728656;0.8572758634885153;0.0052542711297671;0.4490956465403239;0.8639118671417236;0.019286240140597027;sentandose ;frontal
0.63;0.471329927444458;0.3399541974067688;-0.29430633783340454;0.5116787552833557;0.40623000264167786;-0.16382281482219696;0.43977734446525574;0.4039580523967743;-0.14596207439899445;0.5203091502189636;0.5062052011489868;-0.13140055537223816;0.43058010935783386;0.501988410949707;-0.10538733750581741;0.49573415517807007;0.5641276240348816;-0.0017069191671907902;0.4530920386314392;0.5649579167366028;0.0016046133823692799;0.4968293011188507;0.6953970789909363;-0.13888762891292572;0.4485223889350891;0.7062164545059204;-0.08996263891458511;0.4780771225690842;0.32078119814395906;-0.2962369456887245;0.5250631123781204;0.6135671138763428;-0.21197016909718513;0.4238753318786621;0.615334764122963;-0.1785801574587822;0.49869922796885174;0.8577308257420858;-0.09555566931764285;0.44903725385665894;0.863744874795278;-0.05904273378352324;sentandose ;frontal
0.67;0.47125905752182007;0.35393139719963074;-0.2999165952205658;0.5117931962013245;0.41841819882392883;-0.161404550075531;0.4396253526210785;0.41684970259666443;-0.14709828794002533;0.5203423500061035;0.5176647901535034;-0.131918266415596;0.4303039014339447;0.5143322348594666;-0.11415793746709824;0.4954327642917633;0.5704311728477478;-0.0014390554279088974;0.4531189501285553;0.5690189599990845;0.0013534205500036478;0.4968585669994354;0.6921261548995972;-0.20856916904449463;0.4485263228416443;0.7051622271537781;-0.1688346266746521;0.4778957724571228;0.33331560492515566;-0.30090323090553284;0.5248407274484634;0.628734216094017;-0.21341145038604736;0.42267946898937225;0.6310410052537918;-0.19345304369926453;0.4983431200186412;0.8566418091456095;-0.1258014366030693;0.44878682494163513;0.8634814222653707;-0.10198431337873141;sentandose ;frontal
0.7;0.4711253046989441;0.3668268024921417;-0.3052581548690796;0.5116883516311646;0.42931920289993286;-0.1688203513622284;0.43952926993370056;0.42854005098342896;-0.15341879427433014;0.5205816030502319;0.5282862782478333;-0.14213238656520844;0.4299273192882538;0.526950478553772;-0.12400482594966888;0.4954657256603241;0.5781458020210266;-0.0014282481279224157;0.45322465896606445;0.5768860578536987;0.0013450069818645716;0.4968824088573456;0.6923354864120483;-0.22270722687244415;0.44851359724998474;0.7052356600761414;-0.1753424108028412;0.4777279496192932;0.3469430059194565;-0.30619974732398986;0.52436862885952;0.6399266719818115;-0.21791866794228554;0.4218098893761635;0.6417465806007385;-0.19920829311013222;0.49804197748502094;0.8561616738637289;-0.1280452311038971;0.44843973716100055;0.863256573677063;-0.09775227308273315;sentandose ;frontal
0.73;0.47075486183166504;0.37934190034866333;-0.29111814498901367;0.5117665529251099;0.4458128809928894;-0.15796715021133423;0.4392413794994354;0.44222593307495117;-0.14125096797943115;0.5208030343055725;0.5461994409561157;-0.13887417316436768;0.42852386832237244;0.5434276461601257;-0.11231976747512817;0.4954700469970703;0.5865119099617004;-0.0012940391898155212;0.45324277877807617;0.5850455164909363;0.0012242698576301336;0.496259868144989;0.6928024291992188;-0.2581263482570648;0.4483497142791748;0.7057197093963623;-0.21671894192695618;0.4774301201105118;0.36020887792110445;-0.29157640784978867;0.524369940161705;0.652978241443634;-0.21409544721245766;0.4197097644209862;0.6556134819984436;-0.18663235008716583;0.497338463862737;0.8547365665435791;-0.15993648767471313;0.44749735792477924;0.8632862766583761;-0.13997879376014075;sentandose ;frontal
0.77;0.47070711851119995;0.39194443821907043;-0.29705294966697693;0.5117855072021484;0.45640867948532104;-0.1659093052148819;0.43934398889541626;0.4521770179271698;-0.14631937444210052;0.5209840536117554;0.5556536316871643;-0.14791612327098846;0.42668139934539795;0.5533466935157776;-0.11731543391942978;0.4954778254032135;0.5928481221199036;-0.001267760992050171;0.45347070693969727;0.5911038517951965;0.0012060932349413633;0.4961535334587097;0.6969602108001709;-0.2535803020000458;0.44831740856170654;0.7064574956893921;-0.21595492959022522;0.4773711323738098;0.37284856140613554;-0.2984453499317169;0.5244413912296295;0.664302185177803;-0.22110660001635551;0.4185643941164017;0.6622752398252487;-0.1901170015335083;0.4967150092124939;0.8542791406313578;-0.15286074578762054;0.4469546973705292;0.8633719086647034;-0.13720310976107916;sentandose ;frontal
0.8;0.4706474840641022;0.4048128128051758;-0.3106865882873535;0.5117085576057434;0.4686810076236725;-0.1753268986940384;0.4393724501132965;0.4633026421070099;-0.15730297565460205;0.5216324925422668;0.5661340355873108;-0.15749339759349823;0.42657867074012756;0.5622142553329468;-0.13093458116054535;0.49546486139297485;0.5985543131828308;-0.0012375337537378073;0.4537658989429474;0.5963356494903564;0.0011847683927044272;0.49589985609054565;0.6994451880455017;-0.2615801692008972;0.4480744004249573;0.7073003053665161;-0.22659000754356384;0.47728042900562284;0.3867561906576157;-0.31195310056209563;0.5246490687131882;0.6758564859628677;-0.22445682436227798;0.41663753241300583;0.6751371622085571;-0.20183420926332474;0.49591559171676636;0.8534945050875345;-0.15600096682707468;0.4465203881263733;0.8633586168289185;-0.14357085029284158;sentandose ;frontal
0.83;0.47044605016708374;0.41604578495025635;-0.3114851713180542;0.5116892457008362;0.47951239347457886;-0.17736805975437164;0.43943285942077637;0.47507408261299133;-0.16291728615760803;0.521676242351532;0.5745438933372498;-0.16168774664402008;0.42626047134399414;0.5716124773025513;-0.14039325714111328;0.4953988194465637;0.6071255207061768;-0.001139263971708715;0.45405399799346924;0.6037959456443787;0.0010962331434711814;0.49559009075164795;0.7021566033363342;-0.2597791254520416;0.44807595014572144;0.7076760530471802;-0.22771763801574707;0.47716499865055084;0.39809617698192595;-0.31321157068014144;0.5250536501407623;0.68776074051857;-0.23121074959635735;0.41654445976018906;0.6866842359304428;-0.21219443902373314;0.4956153333187103;0.853514035542806;-0.14277233183383942;0.4462533195813497;0.8632594545682272;-0.13221598168214163;sentandose ;frontal
0.87;0.4704662561416626;0.4270317852497101;-0.322990357875824;0.5117222666740417;0.49152007699012756;-0.18602344393730164;0.4398004412651062;0.48605337738990784;-0.17237891256809235;0.521844208240509;0.5897423028945923;-0.1771293431520462;0.4256606698036194;0.5842095613479614;-0.1566234827041626;0.4952619969844818;0.6146063208580017;-0.001142266788519919;0.45408618450164795;0.6111919283866882;0.0010988281574100256;0.4947856068611145;0.7037175297737122;-0.2772674560546875;0.44807782769203186;0.7082421779632568;-0.2444143295288086;0.47718276679515836;0.4086816728115082;-0.3247112900018692;0.5251483917236328;0.697996199131012;-0.2499365545809269;0.4156014323234558;0.6989079862833023;-0.23310371115803719;0.4953288535277049;0.8530355294545492;-0.14665213972330093;0.44619327783584595;0.8631725509961446;-0.14047352224588394;sentandose ;frontal
0.9;0.4705486595630646;0.43747854232788086;-0.30769625306129456;0.5117602348327637;0.49914756417274475;-0.17488418519496918;0.44025784730911255;0.4951387643814087;-0.1627836972475052;0.521854817867279;0.5973149538040161;-0.16837050020694733;0.4258508086204529;0.5943709015846252;-0.149311825633049;0.4951024651527405;0.621728777885437;-0.0010883350623771548;0.4541362524032593;0.61842942237854;0.0010560165392234921;0.4936027228832245;0.7033942937850952;-0.2900409698486328;0.44813260436058044;0.7057806253433228;-0.2604343593120575;0.477194607257843;0.41892963349819184;-0.30940268337726595;0.5253762602806091;0.7057878971099854;-0.23948827385902405;0.4153471365571022;0.7113176733255386;-0.22530661150813103;0.49523908893267315;0.8531633615493774;-0.1609352876742681;0.4462060034275055;0.8631836771965027;-0.16219521562258402;sentandose ;frontal
0.93;0.4707079827785492;0.4469680190086365;-0.30646952986717224;0.5117833018302917;0.5056322813034058;-0.17562657594680786;0.4409782588481903;0.501079261302948;-0.16526100039482117;0.5218453407287598;0.6038973927497864;-0.1707189679145813;0.42598310112953186;0.6010507345199585;-0.15406757593154907;0.4950023889541626;0.6293457746505737;-0.0009161424823105335;0.4542595446109772;0.6253389716148376;0.0008986515458673239;0.49297866225242615;0.7034619450569153;-0.2939569652080536;0.448340505361557;0.7045261263847351;-0.25995710492134094;0.4772352635860443;0.42824012637138364;-0.30860274881124494;0.5254514813423157;0.7134800851345062;-0.23784689605236053;0.4156325086951256;0.7200463116168976;-0.22490673139691353;0.49486974875132245;0.8523339430491129;-0.16112895806630453;0.4462784727414449;0.863405168056488;-0.16236565510431925;sentandose ;frontal
0.97;0.47084668278694153;0.4528469443321228;-0.30963748693466187;0.5113825798034668;0.5109015107154846;-0.17738240957260132;0.44124695658683777;0.5072782039642334;-0.17055058479309082;0.5217555165290833;0.609249472618103;-0.1737653911113739;0.42604517936706543;0.6089986562728882;-0.16286277770996094;0.494761198759079;0.6325465440750122;-0.000757798261474818;0.4543946087360382;0.629912257194519;0.0007508257403969765;0.4929935932159424;0.7033191919326782;-0.2935008704662323;0.44948363304138184;0.7045631408691406;-0.2562270164489746;0.4772385358810425;0.43318230509757993;-0.3105474144220352;0.5254599750041962;0.7193317860364914;-0.2406042478978634;0.4158027768135071;0.7316049486398697;-0.23343223705887794;0.4949933886528015;0.8532437880833944;-0.15711984783411026;0.4464438160260518;0.8638782302538554;-0.1578069527943929;sentandose ;frontal
1.0;0.4708874821662903;0.4580497443675995;-0.2794685363769531;0.5112724900245667;0.5138636827468872;-0.15662162005901337;0.4413968324661255;0.511544942855835;-0.1508517861366272;0.5217070579528809;0.6111152768135071;-0.15494130551815033;0.4260796308517456;0.6130490899085999;-0.1460060477256775;0.49473056197166443;0.6402932405471802;-0.0008360703359358013;0.45445409417152405;0.6386644244194031;0.0008296259911730886;0.49301084876060486;0.7012474536895752;-0.2911028265953064;0.44996094703674316;0.7020362019538879;-0.2551021873950958;0.47719361782073977;0.4381778031587601;-0.28056743890047076;0.5254760235548019;0.7203305959701538;-0.21038565039634705;0.4162213131785393;0.7321538776159286;-0.20124763995409012;0.4949599007765452;0.8536258339881897;-0.15262164423863092;0.44648241996765137;0.8634086847305298;-0.15482832739750543;sentandose ;frontal
1.03;0.4708915948867798;0.46012255549430847;-0.23522931337356567;0.5106715559959412;0.5167682766914368;-0.12364684045314789;0.44168227910995483;0.5152365565299988;-0.11501696705818176;0.5208447575569153;0.6122356057167053;-0.12310024350881577;0.4267852306365967;0.6144073605537415;-0.10526959598064423;0.49416303634643555;0.6482097506523132;-0.001668752171099186;0.454449862241745;0.6474843621253967;0.0016685363370925188;0.4928879141807556;0.6980758905410767;-0.28502416610717773;0.45008692145347595;0.6983590722084045;-0.2582690417766571;0.4770902007818222;0.4410320043563843;-0.2350254997611046;0.5248994678258896;0.7200376987457275;-0.183320514857769;0.41636626422405243;0.7323601692914963;-0.1669374518096447;0.4952610433101654;0.8535969456036886;-0.15226028362909952;0.4465046226978302;0.8629439870516459;-0.15920569996039072;sentandose ;frontal
1.07;0.4708929657936096;0.4623548090457916;-0.21066877245903015;0.5104455351829529;0.5196101069450378;-0.09960272908210754;0.44174259901046753;0.5160528421401978;-0.09630392491817474;0.519722580909729;0.6128167510032654;-0.09431403875350952;0.4277383089065552;0.614414632320404;-0.08469656109809875;0.49373626708984375;0.653809666633606;-0.0019229508470743895;0.4544471204280853;0.6534945368766785;0.0019329144852235913;0.4929050803184509;0.6962748169898987;-0.27752450108528137;0.4500831961631775;0.6951541304588318;-0.261728435754776;0.47705836594104767;0.44346999526023867;-0.21061005145311357;0.5241984575986862;0.7192995548248291;-0.15287844091653824;0.41883981972932816;0.7322046309709549;-0.14368410035967827;0.4951881965001424;0.85233606894811;-0.15159177035093307;0.4471968909104665;0.8609232505162557;-0.16369771709044775;sentandose ;frontal
1.1;0.47088974714279175;0.4598633050918579;-0.19662286341190338;0.5097085237503052;0.5178653001785278;-0.0890895277261734;0.44193753600120544;0.5152830481529236;-0.08352424204349518;0.5179787874221802;0.6123020648956299;-0.08342176675796509;0.4280892610549927;0.6141334176063538;-0.07140277326107025;0.49341467022895813;0.6545976996421814;-0.002549031749367714;0.45447903871536255;0.6557519435882568;0.0025697145611047745;0.4927293658256531;0.696494460105896;-0.275156170129776;0.4503014087677002;0.6958131194114685;-0.2602238953113556;0.4770334929227829;0.4416491031646729;-0.19594011902809144;0.523176446557045;0.7157503217458725;-0.1430605612695217;0.4209764078259468;0.7297167778015137;-0.13057884201407433;0.49565871556599933;0.853405773639679;-0.1620092491308848;0.4473996659119924;0.8596881429354349;-0.16638492047786713;sentandose ;frontal
1.13;0.47089362144470215;0.4585728049278259;-0.1836967170238495;0.5093790888786316;0.5156457424163818;-0.07754601538181305;0.44243505597114563;0.512546956539154;-0.06752698123455048;0.5166099071502686;0.6108551025390625;-0.07114992290735245;0.4292958080768585;0.6107476353645325;-0.052588943392038345;0.4929625689983368;0.6563047170639038;-0.002814760198816657;0.45447996258735657;0.6579201817512512;0.0028670430183410645;0.491845965385437;0.6944590210914612;-0.2746149003505707;0.4503955543041229;0.6961972117424011;-0.2583262026309967;0.4769955098628998;0.4408992677927017;-0.1837897405028343;0.5222656726837158;0.7137191742658615;-0.12806928344070911;0.42229337245225906;0.7240802049636841;-0.11248721554875374;0.4967196782430013;0.8534985383351644;-0.17594966292381287;0.4474048813184102;0.859802762667338;-0.1790453443924586;sentandose ;frontal
1.17;0.4707661271095276;0.4580819308757782;-0.17607027292251587;0.5090852975845337;0.5136208534240723;-0.06561090052127838;0.442647248506546;0.511039137840271;-0.056380290538072586;0.5156946182250977;0.6089411377906799;-0.05553942918777466;0.4299323856830597;0.6077604293823242;-0.04182085394859314;0.49252596497535706;0.6547383069992065;-0.0028753827791661024;0.45446503162384033;0.6564827561378479;0.0029483239632099867;0.49056780338287354;0.6920320391654968;-0.2739242911338806;0.45037829875946045;0.6952055096626282;-0.2554621696472168;0.4768305867910385;0.4406331658363342;-0.1770414300262928;0.5214886367321014;0.7112633287906647;-0.11176203563809395;0.4229612424969673;0.7209866493940353;-0.10429415106773376;0.49821585416793823;0.8531391620635986;-0.20489142835140228;0.44725465774536133;0.8598738511403402;-0.20489647487799326;sentandose ;frontal
1.2;0.47069427371025085;0.45700088143348694;-0.1812310516834259;0.5090137124061584;0.5122105479240417;-0.07351965457201004;0.44284042716026306;0.5091398358345032;-0.0623561292886734;0.5150540471076965;0.608583390712738;-0.06639270484447479;0.4305766820907593;0.6053374409675598;-0.04908650740981102;0.49241477251052856;0.6531246900558472;-0.0028710197657346725;0.45456743240356445;0.6540580987930298;0.002945612883195281;0.4905155599117279;0.6918131709098816;-0.2724989950656891;0.4504982829093933;0.6943809390068054;-0.2532021105289459;0.47672341763973236;0.43950137197971345;-0.18232380822300912;0.5208280831575394;0.7102375328540802;-0.12717887572944164;0.4241420105099678;0.7162364721298218;-0.11181441135704517;0.49816779295603436;0.8529364069302877;-0.19606043895085654;0.4469697376092275;0.8595755696296692;-0.19419221580028534;sentandose ;frontal
1.23;0.4706961214542389;0.4562717080116272;-0.17804287374019623;0.5089084506034851;0.5104723572731018;-0.06891082227230072;0.44298073649406433;0.5074692368507385;-0.058528028428554535;0.5146880149841309;0.6074072122573853;-0.061199769377708435;0.4319503605365753;0.6040379405021667;-0.043915681540966034;0.49244600534439087;0.6522161364555359;-0.0028837842401117086;0.4547613859176636;0.6533501148223877;0.0029623506125062704;0.4906611144542694;0.6914247870445251;-0.2725619971752167;0.45050111413002014;0.6938257813453674;-0.2541503608226776;0.47667617797851564;0.4382955521345139;-0.17971051931381227;0.5205174386501312;0.7093267738819122;-0.12404181249439716;0.4249923974275589;0.7119413763284683;-0.10757724940776825;0.4980413814385732;0.8526599605878195;-0.1979214201370875;0.44687806566556293;0.8595415552457174;-0.19683668514092764;sentandose ;frontal
1.27;0.4706957936286926;0.4554310739040375;-0.1782989799976349;0.5087313652038574;0.5094454288482666;-0.06998874247074127;0.44301724433898926;0.5065534710884094;-0.060370754450559616;0.5144087672233582;0.6064335703849792;-0.0624803863465786;0.4327874481678009;0.6036298871040344;-0.04505588859319687;0.49239182472229004;0.6514875292778015;-0.0028398961294442415;0.45493292808532715;0.6529797911643982;0.002922616433352232;0.49073725938796997;0.6881448030471802;-0.2741309404373169;0.4504934847354889;0.6932923793792725;-0.2526364326477051;0.476627391576767;0.43707934617996214;-0.1797073446214199;0.52043716609478;0.7069601565599442;-0.12674020417034626;0.42563511431217194;0.7069811969995499;-0.10822052508592606;0.49819202224413556;0.8517265319824219;-0.19402286410331726;0.4467945098876953;0.8595192035039266;-0.1893793741861979;sentandose ;frontal
1.3;0.4706455171108246;0.4545232951641083;-0.1688922792673111;0.5086591839790344;0.5088161826133728;-0.06335528194904327;0.44303375482559204;0.5060601234436035;-0.054404862225055695;0.5144789814949036;0.6058779358863831;-0.05749932676553726;0.4338080883026123;0.6033467650413513;-0.03965725377202034;0.49241381883621216;0.6520575284957886;-0.002590245334431529;0.45512714982032776;0.653619110584259;0.002679617376998067;0.49156156182289124;0.6869670748710632;-0.27462512254714966;0.45003652572631836;0.6927300095558167;-0.25208160281181335;0.4765353798866272;0.43597433269023894;-0.16933985948562622;0.5205775946378708;0.7036667615175247;-0.12432453595101833;0.42625628411769867;0.7041010111570358;-0.10342049412429333;0.49831750988960266;0.851166824499766;-0.1925240308046341;0.44666775067647296;0.8595209121704102;-0.1883027603228887;sentandose ;frontal
1.33;0.47067394852638245;0.4538251459598541;-0.15719208121299744;0.5085707902908325;0.508755624294281;-0.05219979211688042;0.443034827709198;0.5057361125946045;-0.044209957122802734;0.5146117806434631;0.6055790781974792;-0.048302728682756424;0.43457844853401184;0.6027148365974426;-0.03117823414504528;0.4924567937850952;0.6526300311088562;-0.002411141060292721;0.4552915692329407;0.6543753147125244;0.0025093681178987026;0.4932034909725189;0.6872310638427734;-0.2753746509552002;0.44934943318367004;0.6928723454475403;-0.25219154357910156;0.4765341132879257;0.4355692893266678;-0.15671601444482802;0.5209050327539444;0.6978874206542969;-0.12054802104830742;0.4265706315636635;0.7014314979314804;-0.09828766621649265;0.49838799238204956;0.8517833550771078;-0.1989516317844391;0.44658910234769184;0.8597363233566284;-0.19303071995576224;sentandose ;frontal
1.37;0.4706951081752777;0.4529762268066406;-0.14151383936405182;0.5085268020629883;0.5076358914375305;-0.0371684767305851;0.4430539011955261;0.5054685473442078;-0.029571417719125748;0.5147534608840942;0.6032358407974243;-0.03561141714453697;0.4350253641605377;0.6006747484207153;-0.017628755420446396;0.49258166551589966;0.6531546115875244;-0.002346609951928258;0.45558395981788635;0.6553341746330261;0.0024507176131010056;0.49457666277885437;0.6872816681861877;-0.276372492313385;0.44869962334632874;0.6930792331695557;-0.2524532377719879;0.4765278249979019;0.4345404654741287;-0.14039736986160278;0.521265298128128;0.6943987756967545;-0.11222031898796558;0.4270723983645439;0.6976375132799149;-0.08742368035018444;0.4985702435175578;0.8533051609992981;-0.21027725438276926;0.4466501971085866;0.8603064815203348;-0.20397205650806427;sentandose ;frontal
1.4;0.4706961512565613;0.45212870836257935;-0.14782673120498657;0.5084704160690308;0.5058124661445618;-0.042143575847148895;0.44306784868240356;0.5053002834320068;-0.034040920436382294;0.5148026347160339;0.6013081073760986;-0.040595054626464844;0.4351568818092346;0.598663330078125;-0.021375376731157303;0.49272575974464417;0.6531590819358826;-0.002290744800120592;0.45564839243888855;0.6554509401321411;0.0024001176934689283;0.4946543872356415;0.6872095465660095;-0.2789384126663208;0.44816645979881287;0.6929704546928406;-0.2558740973472595;0.47650299072265623;0.4334188878536224;-0.14716573879122735;0.5218440741300583;0.6940279453992844;-0.11890839785337448;0.42719317227602005;0.6957596689462662;-0.09344428405165672;0.4986920754114787;0.8547749916712443;-0.20819138983885446;0.44664429624875385;0.8603865305582682;-0.20203185578187308;sentandose ;frontal
1.43;0.4706787168979645;0.4504159688949585;-0.150659441947937;0.5083028674125671;0.5041010975837708;-0.04513339698314667;0.443080872297287;0.5048231482505798;-0.03565936163067818;0.5148707628250122;0.5984379649162292;-0.04361061751842499;0.43502548336982727;0.5967372059822083;-0.02222074568271637;0.492980420589447;0.6529619693756104;-0.002270149067044258;0.45589470863342285;0.6553443074226379;0.002381688915193081;0.4945865571498871;0.6874627470970154;-0.2792789041996002;0.44806599617004395;0.6930707693099976;-0.2564541697502136;0.4764302045106888;0.4319069176912308;-0.14999158456921577;0.5223778635263443;0.6929128617048264;-0.12243842147290707;0.4270385429263115;0.6948489248752594;-0.09478851966559887;0.49884475270907086;0.8555157979329427;-0.20647294322649637;0.4466380675633748;0.8604890505472819;-0.19979157547156015;sentandose ;frontal
1.47;0.4706743359565735;0.448657363653183;-0.150526762008667;0.5081385374069214;0.5028014183044434;-0.04404041916131973;0.44311603903770447;0.5037528872489929;-0.034697167575359344;0.5150182247161865;0.5972391366958618;-0.042385343462228775;0.43486908078193665;0.5947372317314148;-0.02082398533821106;0.4930907189846039;0.6525781154632568;-0.002265014685690403;0.4559897184371948;0.6550007462501526;0.0023782383650541306;0.49453234672546387;0.6870536208152771;-0.2805798053741455;0.44792407751083374;0.6924889087677002;-0.2555637061595917;0.47638623118400575;0.4304169476032257;-0.14981882348656655;0.5234809070825577;0.693083256483078;-0.12155393324792385;0.4268988370895386;0.69382444024086;-0.09243206307291985;0.49888843297958374;0.8554655114809672;-0.21417559186617532;0.44662078221638996;0.8605267405509949;-0.20331809918085733;sentandose ;frontal
1.5;0.4707057476043701;0.4467983543872833;-0.14655600488185883;0.507854163646698;0.5017175078392029;-0.04154329001903534;0.44314298033714294;0.5030866265296936;-0.033560413867235184;0.5150715708732605;0.5963242650032043;-0.04019710421562195;0.434751033782959;0.5932536721229553;-0.021078798919916153;0.49313682317733765;0.6523178219795227;-0.0022444105707108974;0.4560510814189911;0.6547529697418213;0.0023589555639773607;0.4945065975189209;0.6866174936294556;-0.2814862132072449;0.4477933347225189;0.6913902163505554;-0.2553156912326813;0.47636905014514924;0.4291097819805145;-0.14529113546013833;0.5239783078432083;0.6931844055652618;-0.11879787407815456;0.4268054664134979;0.6927155405282974;-0.09198791533708572;0.4989079038302104;0.8552567760149637;-0.21178407967090607;0.4465331733226776;0.8599955042203268;-0.2021046777566274;sentandose ;frontal
1.53;0.47070643305778503;0.44484102725982666;-0.14337174594402313;0.5076413154602051;0.5010970234870911;-0.03800545260310173;0.443148136138916;0.5027644038200378;-0.030271003022789955;0.5151263475418091;0.5956395864486694;-0.03639644384384155;0.4346754550933838;0.5926558971405029;-0.018160203471779823;0.49317803978919983;0.6521270871162415;-0.0021827712189406157;0.4561005234718323;0.6545782089233398;0.002300177700817585;0.49440786242485046;0.6864011883735657;-0.281715452671051;0.4477700889110565;0.690812885761261;-0.25517594814300537;0.4763163268566132;0.4278564900159836;-0.14160430580377578;0.524440810084343;0.6932124942541122;-0.11223412491381168;0.42678195238113403;0.6923120319843292;-0.0875930655747652;0.4989458421866099;0.8551405469576517;-0.21619313955307007;0.4464414914449056;0.8596218625704447;-0.20732367038726807;sentandose ;frontal
1.57;0.47070708870887756;0.4426521956920624;-0.13474306464195251;0.5073491930961609;0.5006234049797058;-0.03185638040304184;0.4431478977203369;0.5025365948677063;-0.025813806802034378;0.5150119662284851;0.5948887467384338;-0.03206813335418701;0.43464940786361694;0.5922802090644836;-0.016025623306632042;0.4931843876838684;0.6520234942436218;-0.0020581332501024008;0.45613324642181396;0.6544077396392822;0.0021761413663625717;0.4942757189273834;0.6857985854148865;-0.2782502770423889;0.4477662444114685;0.6901324391365051;-0.2550971806049347;0.47628832161426543;0.4263824850320816;-0.13218651786446572;0.5244126915931702;0.6923405826091766;-0.10869568772614002;0.4267564117908478;0.6918609291315079;-0.0856265239417553;0.49891186753908795;0.8550374706586202;-0.2141779363155365;0.4463507831096649;0.8593644102414449;-0.21259735027949014;sentandose ;frontal
1.6;0.4707113206386566;0.44133827090263367;-0.13153600692749023;0.5070245265960693;0.5002701282501221;-0.030353575944900513;0.4431398808956146;0.5024168491363525;-0.024929769337177277;0.5146070718765259;0.5942726135253906;-0.03201894089579582;0.4345737099647522;0.5921550393104553;-0.01678723283112049;0.49318844079971313;0.6519097089767456;-0.0019456789596006274;0.4561467468738556;0.6543838977813721;0.0020623081363737583;0.49380046129226685;0.6852104067802429;-0.27553659677505493;0.44777733087539673;0.6895215511322021;-0.2556154727935791;0.47627192437648774;0.42523019909858706;-0.1286991737782955;0.524008646607399;0.6915450394153595;-0.10847477801144123;0.426780603826046;0.6919235438108444;-0.08602402172982693;0.499024232228597;0.8550100525220236;-0.21192294855912527;0.446321298678716;0.8592256704966227;-0.21300042172273;sentandose ;frontal
1.63;0.47071531414985657;0.4405845105648041;-0.13467912375926971;0.5069006085395813;0.4999023675918579;-0.033878687769174576;0.4431408941745758;0.5022331476211548;-0.027725543826818466;0.5144380331039429;0.5934276580810547;-0.035925187170505524;0.43454509973526;0.5919991135597229;-0.018928440287709236;0.4931911826133728;0.6515958309173584;-0.0017635179683566093;0.4561738073825836;0.6541091203689575;0.001876136870123446;0.4937504827976227;0.6849386096000671;-0.2717936933040619;0.447785347700119;0.6891991496086121;-0.2557979226112366;0.4762572765350342;0.4243642657995224;-0.13196857273578644;0.5235800445079803;0.6898987293243408;-0.11223884113132954;0.42675213515758514;0.6921182721853256;-0.08783538825809956;0.4994574983914693;0.8549419641494751;-0.21032860378424326;0.4462955594062805;0.8590018550554911;-0.2147499273220698;sentandose ;frontal
1.67;0.4707358479499817;0.43980005383491516;-0.13344918191432953;0.5068371891975403;0.4995781183242798;-0.03380415588617325;0.44314226508140564;0.5021249055862427;-0.02789306640625;0.5143462419509888;0.5932319164276123;-0.036948446184396744;0.43449145555496216;0.5915448665618896;-0.019596314057707787;0.49319419264793396;0.6511794328689575;-0.0016454593278467655;0.4562568664550781;0.6538450121879578;0.0017560612177476287;0.4936017692089081;0.6837590932846069;-0.2718164324760437;0.44779324531555176;0.6884728074073792;-0.2559029757976532;0.476263040304184;0.4235270231962204;-0.1305703692138195;0.5232316851615906;0.6896771937608719;-0.1137225441634655;0.4267530217766762;0.6920573711395264;-0.08832086063921452;0.4996986488501231;0.8548276623090109;-0.20976603031158447;0.4462776978810628;0.8589353561401367;-0.2147283454736074;sentandose ;frontal
1.7;0.4707404673099518;0.4391792118549347;-0.1344444751739502;0.506811261177063;0.49934545159339905;-0.03613783046603203;0.44314172863960266;0.502082884311676;-0.029894189909100533;0.5142985582351685;0.5931908488273621;-0.037647396326065063;0.43444886803627014;0.5914857983589172;-0.0205389354377985;0.4931962788105011;0.6508983969688416;-0.0015947638312354684;0.45633575320243835;0.6534919738769531;0.0017019057413563132;0.4935935139656067;0.683167576789856;-0.2722601592540741;0.44780007004737854;0.6874739527702332;-0.25718310475349426;0.47626184225082396;0.4229133278131485;-0.13162108063697814;0.5230443179607391;0.6899014115333557;-0.11582332663238049;0.42670145630836487;0.6922249794006348;-0.08944162353873253;0.4996711115042369;0.8541925350824991;-0.20173664887746176;0.4462822576363881;0.8588341474533081;-0.21222124000390372;sentandose ;frontal
1.73;0.47074902057647705;0.43885287642478943;-0.1315678507089615;0.5067967772483826;0.4989970326423645;-0.03547927737236023;0.44314613938331604;0.5019975900650024;-0.029149627313017845;0.5142312049865723;0.5929994583129883;-0.03871616721153259;0.4344247877597809;0.5914261341094971;-0.02130930684506893;0.4932282567024231;0.6507593989372253;-0.0015581465559080243;0.4564252495765686;0.6533403992652893;0.001663442817516625;0.49363604187965393;0.6828159093856812;-0.272395521402359;0.4478002190589905;0.6864272356033325;-0.2574472725391388;0.47625678181648257;0.4225277781486511;-0.12866140231490136;0.5228392332792282;0.6899389624595642;-0.11771828122437;0.4266699478030205;0.692389965057373;-0.09031010046601295;0.49960384766260785;0.8537238836288452;-0.19987116754055023;0.4463217655817668;0.8586008548736572;-0.20871022840340933;sentandose ;frontal
1.77;0.47076573967933655;0.4387979209423065;-0.13191328942775726;0.5067924857139587;0.498705118894577;-0.03595218062400818;0.4431498050689697;0.501956045627594;-0.029985569417476654;0.5142415761947632;0.5924012064933777;-0.03915081545710564;0.4344191551208496;0.5913465619087219;-0.021426497027277946;0.4933079779148102;0.6505760550498962;-0.0014466126449406147;0.4565123915672302;0.6530711650848389;0.001548837055452168;0.49373841285705566;0.6827175617218018;-0.2725595533847809;0.44780492782592773;0.6857044696807861;-0.2573191523551941;0.4762556791305542;0.42236829102039336;-0.12905437275767326;0.5227818042039871;0.6899848580360413;-0.11888768710196018;0.4266526475548744;0.692508801817894;-0.09056708961725235;0.49965272347132367;0.8534095883369446;-0.19737652937571207;0.4463742872079213;0.8579187989234924;-0.2018699844678243;sentandose ;frontal
1.8;0.4708380699157715;0.4388095438480377;-0.13373376429080963;0.5067890286445618;0.4983203709125519;-0.03666971996426582;0.44316574931144714;0.5019004344940186;-0.030591020360589027;0.5143322944641113;0.5919267535209656;-0.03955671563744545;0.43445777893066406;0.5912235379219055;-0.02172073721885681;0.49337929487228394;0.6503122448921204;-0.0014256929280236363;0.456593781709671;0.652753472328186;0.0015264280373230577;0.4937344193458557;0.6827865242958069;-0.2727314531803131;0.44780874252319336;0.6856232285499573;-0.2571740448474884;0.47626649141311644;0.4223078787326813;-0.13098651245236398;0.5227670073509216;0.6901166588068008;-0.1187871228903532;0.4266502559185028;0.6925767660140991;-0.09099883027374744;0.4996648132801056;0.8529965877532959;-0.1965374449888865;0.446403831243515;0.8577208717664083;-0.2013330509265264;sentandose ;frontal
1.83;0.4708624482154846;0.43882861733436584;-0.13370347023010254;0.5067912340164185;0.4981788992881775;-0.03613417223095894;0.44320839643478394;0.501797080039978;-0.030618734657764435;0.5143402218818665;0.5917781591415405;-0.03959473967552185;0.4345652461051941;0.5908488035202026;-0.02211342751979828;0.49339258670806885;0.6501538157463074;-0.0014151098439469934;0.45670461654663086;0.6524574756622314;0.0015150432009249926;0.4936560094356537;0.6824243664741516;-0.27231094241142273;0.4478130042552948;0.6854211688041687;-0.25709304213523865;0.4762638956308365;0.422285857796669;-0.13094978779554367;0.5227286964654922;0.6902139484882355;-0.11703935638070107;0.4266340583562851;0.6926367580890656;-0.0910306740552187;0.499683419863383;0.8529434204101562;-0.1971770872672399;0.4464404086271922;0.8576198617617289;-0.20529496669769287;sentandose ;frontal
1.87;0.4708858132362366;0.43882688879966736;-0.1314130574464798;0.5067952275276184;0.49803125858306885;-0.034090589731931686;0.4432964026927948;0.5016998648643494;-0.028920603916049004;0.5144111514091492;0.5916030406951904;-0.038464099168777466;0.43469667434692383;0.5905343294143677;-0.02167671173810959;0.4934047758579254;0.6500905156135559;-0.0014040789101272821;0.45678427815437317;0.6523001790046692;0.0015038877027109265;0.4936547577381134;0.6823065876960754;-0.27240267395973206;0.4478164315223694;0.6850035190582275;-0.25705286860466003;0.4762591302394867;0.4222421616315842;-0.1285398431122303;0.5227347314357758;0.690285712480545;-0.1157381720840931;0.4266287386417389;0.6926983147859573;-0.09021261893212795;0.4996830224990845;0.8528134425481161;-0.1989492873350779;0.44649534424146015;0.8574895660082499;-0.20760939021905264;sentandose ;frontal
1.9;0.47093456983566284;0.43881747126579285;-0.13099606335163116;0.5068109035491943;0.497940331697464;-0.03308248519897461;0.44337841868400574;0.5015780925750732;-0.02826547808945179;0.5144379138946533;0.5914831161499023;-0.03698000684380531;0.4347988963127136;0.590348482131958;-0.02138105034828186;0.49340999126434326;0.6498576402664185;-0.0014139231061562896;0.4568389058113098;0.6521139144897461;0.001513456692919135;0.4935891926288605;0.681661069393158;-0.2724854052066803;0.44783249497413635;0.684174120426178;-0.2565837502479553;0.47626274526119233;0.42219325304031374;-0.12816343680024148;0.522740438580513;0.6903643906116486;-0.1128088217228651;0.42662182450294495;0.6927486211061478;-0.08913562633097172;0.49968477090199787;0.8521255453427633;-0.20282926658789316;0.4465203881263733;0.857434868812561;-0.2092773218949636;sentandose ;frontal
;;;;;;;;;;;;;;;;;;;;;;;;;;;;;;;;;;;;;;;;;;;;
;;;;;;;;;;;;;;;;;;;;;;;;;;;;;;;;;;;;;;;;;;;;
;;;;;;;;;;;;;;;;;;;;;;;;;;;;;;;;;;;;;;;;;;;;
;;;;;;;;;;;;;;;;;;;;;;;;;;;;;;;;;;;;;;;;;;;;
;;;;;;;;;;;;;;;;;;;;;;;;;;;;;;;;;;;;;;;;;;;;
;;;;;;;;;;;;;;;;;;;;;;;;;;;;;;;;;;;;;;;;;;;;
;;;;;;;;;;;;;;;;;;;;;;;;;;;;;;;;;;;;;;;;;;;;
;;;;;;;;;;;;;;;;;;;;;;;;;;;;;;;;;;;;;;;;;;;;
;;;;;;;;;;;;;;;;;;;;;;;;;;;;;;;;;;;;;;;;;;;;
;;;;;;;;;;;;;;;;;;;;;;;;;;;;;;;;;;;;;;;;;;;;
;;;;;;;;;;;;;;;;;;;;;;;;;;;;;;;;;;;;;;;;;;;;
;;;;;;;;;;;;;;;;;;;;;;;;;;;;;;;;;;;;;;;;;;;;
;;;;;;;;;;;;;;;;;;;;;;;;;;;;;;;;;;;;;;;;;;;;
;;;;;;;;;;;;;;;;;;;;;;;;;;;;;;;;;;;;;;;;;;;;
;;;;;;;;;;;;;;;;;;;;;;;;;;;;;;;;;;;;;;;;;;;;
;;;;;;;;;;;;;;;;;;;;;;;;;;;;;;;;;;;;;;;;;;;;
;;;;;;;;;;;;;;;;;;;;;;;;;;;;;;;;;;;;;;;;;;;;
;;;;;;;;;;;;;;;;;;;;;;;;;;;;;;;;;;;;;;;;;;;;
;;;;;;;;;;;;;;;;;;;;;;;;;;;;;;;;;;;;;;;;;;;;
;;;;;;;;;;;;;;;;;;;;;;;;;;;;;;;;;;;;;;;;;;;;
;;;;;;;;;;;;;;;;;;;;;;;;;;;;;;;;;;;;;;;;;;;;
;;;;;;;;;;;;;;;;;;;;;;;;;;;;;;;;;;;;;;;;;;;;
;;;;;;;;;;;;;;;;;;;;;;;;;;;;;;;;;;;;;;;;;;;;
;;;;;;;;;;;;;;;;;;;;;;;;;;;;;;;;;;;;;;;;;;;;
;;;;;;;;;;;;;;;;;;;;;;;;;;;;;;;;;;;;;;;;;;;;
;;;;;;;;;;;;;;;;;;;;;;;;;;;;;;;;;;;;;;;;;;;;
;;;;;;;;;;;;;;;;;;;;;;;;;;;;;;;;;;;;;;;;;;;;
;;;;;;;;;;;;;;;;;;;;;;;;;;;;;;;;;;;;;;;;;;;;
;;;;;;;;;;;;;;;;;;;;;;;;;;;;;;;;;;;;;;;;;;;;
;;;;;;;;;;;;;;;;;;;;;;;;;;;;;;;;;;;;;;;;;;;;
;;;;;;;;;;;;;;;;;;;;;;;;;;;;;;;;;;;;;;;;;;;;
;;;;;;;;;;;;;;;;;;;;;;;;;;;;;;;;;;;;;;;;;;;;
;;;;;;;;;;;;;;;;;;;;;;;;;;;;;;;;;;;;;;;;;;;;
;;;;;;;;;;;;;;;;;;;;;;;;;;;;;;;;;;;;;;;;;;;;
;;;;;;;;;;;;;;;;;;;;;;;;;;;;;;;;;;;;;;;;;;;;
;;;;;;;;;;;;;;;;;;;;;;;;;;;;;;;;;;;;;;;;;;;;
;;;;;;;;;;;;;;;;;;;;;;;;;;;;;;;;;;;;;;;;;;;;
;;;;;;;;;;;;;;;;;;;;;;;;;;;;;;;;;;;;;;;;;;;;
;;;;;;;;;;;;;;;;;;;;;;;;;;;;;;;;;;;;;;;;;;;;
;;;;;;;;;;;;;;;;;;;;;;;;;;;;;;;;;;;;;;;;;;;;
;;;;;;;;;;;;;;;;;;;;;;;;;;;;;;;;;;;;;;;;;;;;
;;;;;;;;;;;;;;;;;;;;;;;;;;;;;;;;;;;;;;;;;;;;
;;;;;;;;;;;;;;;;;;;;;;;;;;;;;;;;;;;;;;;;;;;;
;;;;;;;;;;;;;;;;;;;;;;;;;;;;;;;;;;;;;;;;;;;;
;;;;;;;;;;;;;;;;;;;;;;;;;;;;;;;;;;;;;;;;;;;;
;;;;;;;;;;;;;;;;;;;;;;;;;;;;;;;;;;;;;;;;;;;;
;;;;;;;;;;;;;;;;;;;;;;;;;;;;;;;;;;;;;;;;;;;;
;;;;;;;;;;;;;;;;;;;;;;;;;;;;;;;;;;;;;;;;;;;;
;;;;;;;;;;;;;;;;;;;;;;;;;;;;;;;;;;;;;;;;;;;;
;;;;;;;;;;;;;;;;;;;;;;;;;;;;;;;;;;;;;;;;;;;;
;;;;;;;;;;;;;;;;;;;;;;;;;;;;;;;;;;;;;;;;;;;;
;;;;;;;;;;;;;;;;;;;;;;;;;;;;;;;;;;;;;;;;;;;;
;;;;;;;;;;;;;;;;;;;;;;;;;;;;;;;;;;;;;;;;;;;;
;;;;;;;;;;;;;;;;;;;;;;;;;;;;;;;;;;;;;;;;;;;;
