segundo;landmark_10_x;landmark_10_y;landmark_10_z;landmark_11_x;landmark_11_y;landmark_11_z;landmark_12_x;landmark_12_y;landmark_12_z;landmark_13_x;landmark_13_y;landmark_13_z;landmark_14_x;landmark_14_y;landmark_14_z;landmark_23_x;landmark_23_y;landmark_23_z;landmark_24_x;landmark_24_y;landmark_24_z;landmark_25_x;landmark_25_y;landmark_25_z;landmark_26_x;landmark_26_y;landmark_26_z;cara_prom_x;cara_prom_y;cara_prom_z;mano_izquierda_prom_x;mano_izquierda_prom_y;mano_izquierda_prom_z;mano_derecha_prom_x;mano_derecha_prom_y;mano_derecha_prom_z;pie_izquierdo_prom_x;pie_izquierdo_prom_y;pie_izquierdo_prom_z;pie_derecho_prom_x;pie_derecho_prom_y;pie_derecho_prom_z;Etiqueta;vista
0.03;0.5689032077789307;0.31974348425865173;-0.12951597571372986;0.5405551791191101;0.3735389709472656;0.04986581206321716;0.542142391204834;0.37584903836250305;-0.23465661704540253;0.547370195388794;0.49898794293403625;0.06724241375923157;0.5461985468864441;0.5112622976303101;-0.2673105001449585;0.5444213151931763;0.6032315492630005;0.08933445066213608;0.5480607748031616;0.6079646348953247;-0.08941873162984848;0.5469123125076294;0.7507307529449463;0.1706782877445221;0.5402387976646423;0.7659828662872314;-0.011462623253464699;0.5671698749065399;0.2948873847723007;-0.11734913475811481;0.5553351044654846;0.6234903484582901;-0.00789170281495899;0.5638496279716492;0.635604590177536;-0.26126932352781296;0.5468142032623291;0.9069514075915018;0.28295395771662396;0.5460015336672465;0.9286438624064127;0.08083135386308034;vertical;lado
0.07;0.5703126192092896;0.31956177949905396;-0.126940056681633;0.5404692888259888;0.3735421299934387;0.05512723699212074;0.542983889579773;0.3759482204914093;-0.23583205044269562;0.5453499555587769;0.5005038380622864;0.06887952238321304;0.5477458834648132;0.5118849277496338;-0.26810961961746216;0.5444141030311584;0.6036561131477356;0.09082503616809845;0.5482989549636841;0.6082941889762878;-0.09092449396848679;0.5469294786453247;0.7506192922592163;0.1727941483259201;0.5403550863265991;0.765531599521637;-0.014606119133532047;0.567462146282196;0.29482329487800596;-0.11384016089141369;0.5528261512517929;0.6244587600231171;-1,91E+11;0.5646332800388336;0.6369779407978058;-0.260409202426672;0.5463245312372843;0.9067099293073019;0.28522862990697223;0.545868436495463;0.9296612540880839;0.07570835575461388;vertical;lado
0.1;0.5710229873657227;0.3191760182380676;-0.12637242674827576;0.5403586030006409;0.37350961565971375;0.05643049255013466;0.543502688407898;0.37597185373306274;-0.23734323680400848;0.542715311050415;0.5013465285301208;0.0712268054485321;0.548371434211731;0.512351393699646;-0.27148574590682983;0.5443720817565918;0.6042057871818542;0.09141214936971664;0.5484808683395386;0.6088281869888306;-0.09151571989059448;0.5470191240310669;0.7503421902656555;0.17261502146720886;0.5404576659202576;0.7640949487686157;-0.017675988376140594;0.5676438450813294;0.29464969635009763;-0.1130843561142683;0.5503577142953873;0.6253356486558914;0.009340000222437084;0.5647721141576767;0.6382833868265152;-0.2691679298877716;0.5463260014851888;0.9068716565767924;0.28409786025683087;0.5459436774253845;0.9301551580429077;0.06957436973849933;vertical;lado
0.13;0.5718976259231567;0.31913286447525024;-0.12148895859718323;0.5403099656105042;0.373587042093277;0.05966762825846672;0.5438268184661865;0.37639763951301575;-0.23532025516033173;0.5410414338111877;0.5026417970657349;0.07146038115024567;0.5488389134407043;0.5129474401473999;-0.26912379264831543;0.5441470146179199;0.6048484444618225;0.0915464535355568;0.5485202670097351;0.6093841195106506;-0.09164679050445557;0.5470147132873535;0.7503573298454285;0.1713949590921402;0.540544867515564;0.7641154527664185;-0.019165275618433952;0.5681466937065125;0.2946479290723801;-0.10772124640643596;0.5484940558671951;0.6260384321212769;0.006737231044098735;0.564602717757225;0.6398462802171707;-0.2618418298661709;0.5463188290596008;0.9079563419024149;0.27884987990061444;0.5461835463841757;0.9316292007764181;0.06565719346205394;vertical;lado
0.17;0.5720513463020325;0.3190884590148926;-0.1198001354932785;0.5402080416679382;0.3737128973007202;0.061107225716114044;0.5439282655715942;0.3768523335456848;-0.2345193773508072;0.5398953557014465;0.5035169124603271;0.07169106602668762;0.5488662719726562;0.5136372447013855;-0.26770707964897156;0.5437211990356445;0.6054598689079285;0.09178923070430756;0.5484345555305481;0.609916090965271;-0.09188792109489441;0.5469866991043091;0.7505042552947998;0.1713874191045761;0.5405488014221191;0.7644837498664856;-0.018784960731863976;0.5682752430438995;0.2947147101163864;-0.1058786854147911;0.5462964028120041;0.6267070323228836;0.006010378187056631;0.5639600306749344;0.6412498503923416;-0.258230023086071;0.5462430119514465;0.9084938168525696;0.27890409032503766;0.5462906757990519;0.9326467514038086;0.06651435978710651;vertical;lado
0.2;0.5723205208778381;0.3187199532985687;-0.11996539682149887;0.5402066707611084;0.37371379137039185;0.061740487813949585;0.5439690947532654;0.37700214982032776;-0.23452207446098328;0.5396720170974731;0.5039975047111511;0.07213190197944641;0.5488267540931702;0.5137999653816223;-0.26759427785873413;0.5433074235916138;0.6055420637130737;0.092362180352211;0.5482090711593628;0.6099138259887695;-0.09246296435594559;0.5468919277191162;0.7505021691322327;0.17141443490982056;0.5405622720718384;0.7645269632339478;-0.01910693384706974;0.5685034453868866;0.2945320248603821;-0.10594008341431618;0.546053871512413;0.6277025640010834;0.005658705078531057;0.5633423179388046;0.6421859860420227;-0.25676118582487106;0.5458873311678568;0.9087764024734497;0.2790789306163788;0.5463223258654276;0.9335209528605143;0.06622626259922981;vertical;lado
0.23;0.5725823044776917;0.31859466433525085;-0.11998260021209717;0.5402121543884277;0.3737432062625885;0.06191970407962799;0.5439772605895996;0.37720006704330444;-0.23447802662849426;0.5396694540977478;0.504412055015564;0.07238525152206421;0.5487927794456482;0.5139345526695251;-0.26723843812942505;0.5430062413215637;0.6055622696876526;0.09274329245090485;0.5479915142059326;0.6098204255104065;-0.09284603595733643;0.5467209219932556;0.7504984140396118;0.17131900787353516;0.5405778288841248;0.7645193338394165;-0.0196298286318779;0.5687500774860382;0.29448851346969607;-0.10585729628801346;0.5464248508214951;0.6278423517942429;0.005343875382095575;0.562959223985672;0.6426278948783875;-0.25536206364631653;0.5457656184832255;0.9091215332349142;0.2784627079963684;0.5463513334592184;0.9343210657437643;0.06508809017638366;vertical;lado
0.27;0.5726929903030396;0.318416953086853;-0.12026266008615494;0.5402513146400452;0.3737986981868744;0.06214428320527077;0.5440041422843933;0.3773921728134155;-0.23449423909187317;0.5397668480873108;0.5047386288642883;0.07227475196123123;0.5487679243087769;0.514127254486084;-0.2669782042503357;0.5427113175392151;0.6056100726127625;0.09337286651134491;0.5478475093841553;0.6097806096076965;-0.09347587823867798;0.5463961958885193;0.7505214214324951;0.17224210500717163;0.5406258702278137;0.7644830346107483;-0.019459161907434464;0.5688863754272461;0.2944293886423111;-0.10610014386475086;0.5466911941766739;0.6279803067445755;0.004891597025562078;0.5626683086156845;0.6429897546768188;-0.25296344235539436;0.5455658435821533;0.909276525179545;0.27984119455019635;0.5464183688163757;0.9347235560417175;0.06602053095897038;vertical;lado
0.3;0.5727276802062988;0.3182435631752014;-0.12010418623685837;0.5402675867080688;0.3740496337413788;0.06211060285568237;0.5440517663955688;0.377780944108963;-0.2341589778661728;0.5398242473602295;0.505233108997345;0.07189875841140747;0.5487574338912964;0.5144367218017578;-0.26464518904685974;0.5423471331596375;0.6057061553001404;0.09341425448656082;0.5477356314659119;0.6097765564918518;-0.09351633489131927;0.5461501479148865;0.7505806088447571;0.17284560203552246;0.5407804250717163;0.7644988298416138;-0.01941836066544056;0.5689335644245148;0.2944167494773865;-0.10592461004853249;0.5468400120735168;0.6281011998653412;0.002719926822464913;0.5625721514225006;0.6430685520172119;-0.2453039176762104;0.5454293886820475;0.9094152847925822;0.2805673877398173;0.5465045173962911;0.9349385897318522;0.06635323973993461;vertical;lado
0.33;0.5727115869522095;0.31813713908195496;-0.1186700388789177;0.5403189063072205;0.37428799271583557;0.06227509304881096;0.5440606474876404;0.37804466485977173;-0.23216073215007782;0.539912760257721;0.5053405165672302;0.07187946140766144;0.548742413520813;0.5147387385368347;-0.261231392621994;0.5422430038452148;0.605903685092926;0.09336967021226883;0.5476595163345337;0.6098245978355408;-0.09347075968980789;0.546001672744751;0.7513296008110046;0.17232546210289001;0.5409110188484192;0.765002965927124;-0.019243113696575165;0.5689321160316467;0.2944078028202057;-0.10455237664282321;0.5469853579998016;0.6281740665435791;0.002342172410862986;0.5625316053628922;0.6430877596139908;-0.2420775294303894;0.5453135172526041;0.9096522331237793;0.27896420160929364;0.5465297897656759;0.9351763725280762;0.0668503399938345;vertical;lado
0.37;0.5726943612098694;0.3180975914001465;-0.11711926013231277;0.5403280854225159;0.3744477331638336;0.062243226915597916;0.5440817475318909;0.3782140612602234;-0.2296524941921234;0.5398525595664978;0.5057288408279419;0.07115097343921661;0.5487299561500549;0.5151593685150146;-0.25802063941955566;0.5419716238975525;0.6060887575149536;0.09299533814191818;0.5475950241088867;0.6099813580513;-0.09309321641921997;0.5457045435905457;0.7517918348312378;0.17147296667099;0.5409819483757019;0.7659593820571899;-0.019062526524066925;0.5689115166664124;0.2944159358739853;-0.1031415682286024;0.5469319820404053;0.628744587302208;0.002156118403945584;0.5624417066574097;0.6435837000608444;-0.23955995589494705;0.5451690554618835;0.9098089337348938;0.2777354419231415;0.5465807517369589;0.9356924295425415;0.06704118351141612;vertical;lado
0.4;0.5726475715637207;0.3180942237377167;-0.11661993712186813;0.5403355360031128;0.37467288970947266;0.062389735132455826;0.5440850257873535;0.3783875107765198;-0.22877360880374908;0.53974848985672;0.5060808658599854;0.07098904997110367;0.5487501621246338;0.5156896114349365;-0.25702524185180664;0.5418464541435242;0.6061491370201111;0.09294557571411133;0.5474915504455566;0.6100342869758606;-0.09304358065128326;0.5454733371734619;0.7521666288375854;0.1714705228805542;0.5409844517707825;0.7672947645187378;-0.01895483210682869;0.5688480496406555;0.2944323182106018;-0.10271878093481064;0.5469551682472229;0.62910957634449;0.002085706131765619;0.5624139457941055;0.6437408924102783;-0.23894869536161423;0.5450449585914612;0.9098255236943563;0.27802299459775287;0.5465205510457357;0.9362659851710001;0.06719964494307835;vertical;lado
0.43;0.5726223587989807;0.31808242201805115;-0.11689801514148712;0.540351152420044;0.374814510345459;0.06222829595208168;0.5440500378608704;0.3783952295780182;-0.22886240482330322;0.539668619632721;0.5060718655586243;0.07075689733028412;0.5486299395561218;0.515790581703186;-0.25749120116233826;0.5418205857276917;0.6061311364173889;0.09285477548837662;0.547463059425354;0.6100103259086609;-0.09295275807380676;0.5453655123710632;0.7523142695426941;0.17106197774410248;0.5409727692604065;0.7679351568222046;-0.018850842490792274;0.5688071310520172;0.2944448083639145;-0.10305018462240696;0.5469148457050323;0.6293267607688904;0.002030887015280314;0.5622701048851013;0.6437059193849564;-0.2406163290143013;0.544934352238973;0.9098098278045654;0.27777480085690814;0.5461167891820272;0.9368366201718649;0.06620121126373608;vertical;lado
0.47;0.5725422501564026;0.318086177110672;-0.11698025465011597;0.5403106808662415;0.37493160367012024;0.061909474432468414;0.5440438389778137;0.3785211741924286;-0.22891460359096527;0.5392855405807495;0.5061381459236145;0.07019556313753128;0.5486246943473816;0.5163976550102234;-0.25788572430610657;0.5417343974113464;0.6061249375343323;0.09281400591135025;0.5474554896354675;0.6100156903266907;-0.09291219711303711;0.5451260805130005;0.7523133158683777;0.17124122381210327;0.5409626960754395;0.768136203289032;-0.01861068233847618;0.5687356948852539;0.2944760710000992;-0.10314391478896141;0.5465872585773468;0.6296746581792831;0.0020926043289364316;0.5621772855520248;0.643841490149498;-0.24086977541446686;0.544750968615214;0.9097272356351217;0.2794382969538371;0.5459259351094564;0.9370797673861185;0.06638392681876819;vertical;lado
0.5;0.5724153518676758;0.3181549608707428;-0.11635138839483261;0.5402722358703613;0.37492835521698;0.06246841698884964;0.5439344644546509;0.3784920573234558;-0.22848941385746002;0.5392419099807739;0.5060561299324036;0.07084088772535324;0.5483719706535339;0.5162778496742249;-0.2580306828022003;0.5417359471321106;0.6056560277938843;0.09280090779066086;0.5474542379379272;0.6094809770584106;-0.09289909899234772;0.5448147654533386;0.7523362040519714;0.16710755228996277;0.5408799052238464;0.7681408524513245;-0.021631697192788124;0.5686399579048157;0.29459834694862364;-0.102435664832592;0.5465118885040283;0.6296533942222595;0.002914924843935296;0.5618046671152115;0.6432178616523743;-0.24215862900018692;0.5447456041971842;0.9101569851239523;0.26936259865760803;0.5458225210507711;0.9372159441312155;0.05705293733626604;vertical;lado
0.53;0.5723973512649536;0.3181837797164917;-0.11601930856704712;0.5402171611785889;0.3749687075614929;0.06237969920039177;0.5438050627708435;0.37849152088165283;-0.22797778248786926;0.5391792058944702;0.5060437917709351;0.07108059525489807;0.5479761362075806;0.5162726044654846;-0.25834694504737854;0.5417376756668091;0.6056280732154846;0.09244932979345322;0.5474526882171631;0.6094541549682617;-0.09254603832960129;0.5445917248725891;0.7524524927139282;0.16491135954856873;0.5407558679580688;0.7682515978813171;-0.0220925472676754;0.5686239719390869;0.2946511596441269;-0.1021103285253048;0.5463650971651077;0.6298338323831558;0.003947638790123165;0.5616655647754669;0.6431909799575806;-0.24629702419042587;0.544765293598175;0.9108120997746786;0.266202911734581;0.5457302133242289;0.9372979402542114;0.055978514874974884;vertical;lado
0.57;0.5723191499710083;0.3182482421398163;-0.11616673320531845;0.5402119755744934;0.3749719560146332;0.062324393540620804;0.5435191988945007;0.3784598708152771;-0.22800222039222717;0.5391949415206909;0.5059839487075806;0.0712067186832428;0.546833872795105;0.516131579875946;-0.25857242941856384;0.5417709946632385;0.6057285070419312;0.09241674840450287;0.5474475026130676;0.6095578074455261;-0.09251336008310318;0.5445087552070618;0.7527595162391663;0.16551199555397034;0.5406439304351807;0.768477201461792;-0.021765397861599922;0.568592882156372;0.29472658336162566;-0.10224831774830818;0.5464280545711517;0.6299054622650146;0.0037613578606396914;0.5613551884889603;0.642964094877243;-0.24688130989670753;0.5448450247446696;0.9112056692441305;0.2682327131430308;0.5457263191541036;0.9373688499132792;0.057573710878690086;vertical;lado
0.6;0.5721071362495422;0.3183947205543518;-0.11629877984523773;0.5401842594146729;0.3749733865261078;0.06235682591795921;0.5431497693061829;0.37837401032447815;-0.22814081609249115;0.5392016768455505;0.505837619304657;0.07150684297084808;0.5458429455757141;0.5158990025520325;-0.25870180130004883;0.5419192314147949;0.6061198711395264;0.09241113811731339;0.5474460124969482;0.6099080443382263;-0.09250789135694504;0.5444905757904053;0.7531713247299194;0.16566893458366394;0.5405226945877075;0.7688048481941223;-0.021544773131608963;0.5685083210468292;0.29486151933670046;-0.10237611196935177;0.5464352518320084;0.629835307598114;0.003673294617328793;0.5609267950057983;0.6426295638084412;-0.24816888198256493;0.5451769034067789;0.9115342100461324;0.2694847285747528;0.545723537604014;0.9376942912737528;0.058283171926935516;vertical;lado
0.63;0.5717772841453552;0.31870409846305847;-0.11714635044336319;0.5401563048362732;0.37499791383743286;0.060378365218639374;0.5426830053329468;0.37837275862693787;-0.22824186086654663;0.5392036437988281;0.5058315396308899;0.06965528428554535;0.5453289747238159;0.5159075260162354;-0.2587888240814209;0.5420375466346741;0.6064900159835815;0.0922088772058487;0.5472712516784668;0.6101793646812439;-0.09230142086744308;0.5444783568382263;0.7532951235771179;0.16580839455127716;0.5404074192047119;0.7688814401626587;-0.02142980881035328;0.5683582723140717;0.2951800525188446;-0.10329613350331783;0.5463279634714127;0.6299234628677368;0.0028139314672444016;0.5604570508003235;0.6426377445459366;-0.24990393593907356;0.5454507072766622;0.9115527470906576;0.2693541944026947;0.5457662542661031;0.9380478262901306;0.057427482989927135;vertical;lado
0.67;0.5714037418365479;0.31897449493408203;-0.12324316799640656;0.5400977730751038;0.3750542998313904;0.057784054428339005;0.542399525642395;0.37841540575027466;-0.23313307762145996;0.5391134023666382;0.5058233141899109;0.06692171841859818;0.5447458028793335;0.5158832669258118;-0.26287999749183655;0.542052149772644;0.606776773929596;0.0924895778298378;0.5470753312110901;0.6104387044906616;-0.09258317947387695;0.5444470047950745;0.753255307674408;0.1763199269771576;0.5403890609741211;0.7690730690956116;-0.01598230004310608;0.5681573510169983;0.29537416994571686;-0.1093972958624363;0.5461049526929855;0.6299332827329636;-0.0027225292287766933;0.5599430352449417;0.6426242887973785;-0.2503919005393982;0.5454519391059875;0.9110581676165262;0.28956369558970135;0.5458842714627584;0.9382834633191427;0.07041310332715511;vertical;lado
0.7;0.5711286067962646;0.31973451375961304;-0.12335624545812607;0.5400667190551758;0.3751443028450012;0.05709885060787201;0.542198657989502;0.3784373700618744;-0.23296305537223816;0.5390869975090027;0.5058622360229492;0.06615456193685532;0.5441863536834717;0.5158413052558899;-0.2628589868545532;0.5420534610748291;0.6069568395614624;0.09244852513074875;0.5467832088470459;0.6104574203491211;-0.09254118800163269;0.5441616773605347;0.7536733746528625;0.17508350312709808;0.5403343439102173;0.7697716951370239;-0.015730302780866623;0.5680440902709961;0.2960256427526474;-0.10950412824749947;0.5458959341049194;0.630174309015274;-0.0037853525136597455;0.559420108795166;0.6426411420106888;-0.2503308989107609;0.5449470082918803;0.9123382170995077;0.2856687208016713;0.5457805792490641;0.9388700723648071;0.07002344354987144;vertical;lado
0.73;0.5705369114875793;0.32005515694618225;-0.12205099314451218;0.539875328540802;0.37524208426475525;0.057374563068151474;0.5417987704277039;0.3784466087818146;-0.23100660741329193;0.5390349626541138;0.5061747431755066;0.0662677064538002;0.5434754490852356;0.5157508850097656;-0.26076453924179077;0.541693389415741;0.6068754196166992;0.09227756410837173;0.5464027523994446;0.6097668409347534;-0.09236663579940796;0.5435038805007935;0.7537649273872375;0.17085257172584534;0.5403455495834351;0.7695603966712952;-0.016865355893969536;0.5676611065864563;0.2962485283613205;-0.10829288437962532;0.5458042919635773;0.6304764598608017;-0.0034310494957026094;0.5588748902082443;0.6426441669464111;-0.24537720903754234;0.5438507795333862;0.9135599732398987;0.27169973651568097;0.5459732810656229;0.9390025536219279;0.06523329392075539;vertical;lado
0.77;0.5703423023223877;0.32015588879585266;-0.12169325351715088;0.5397096872329712;0.3752475082874298;0.05801969766616821;0.5412863492965698;0.378409743309021;-0.23080246150493622;0.5390217304229736;0.506175696849823;0.06739876419305801;0.5427241325378418;0.5152451992034912;-0.26076754927635193;0.5414601564407349;0.6068252921104431;0.09227025508880615;0.546113908290863;0.6095534563064575;-0.09235936403274536;0.5432120561599731;0.7537874579429626;0.17075970768928528;0.5402704477310181;0.7695902585983276;-0.01688547432422638;0.5675360262393951;0.2963244080543518;-0.10791264437139034;0.5457451045513153;0.6305127292871475;-0.002871495671570301;0.5583363175392151;0.6426452845335007;-0.24560710042715073;0.5434967279434204;0.9141711195309957;0.2716946949561437;0.54596080382665;0.9390760262807211;0.0651589600990216;vertical;lado
0.8;0.5698851943016052;0.3205239176750183;-0.11962733417749405;0.5391541123390198;0.3752621114253998;0.06096193566918373;0.5409184694290161;0.3784070312976837;-0.23040172457695007;0.5388867855072021;0.5061506032943726;0.07135032117366791;0.542489230632782;0.5148322582244873;-0.2607508599758148;0.5410098433494568;0.6067472696304321;0.09240182489156723;0.545756995677948;0.609357476234436;-0.09249202907085419;0.5430278182029724;0.753792941570282;0.16884905099868774;0.5401861667633057;0.769586443901062;-0.019695023074746132;0.5671616435050965;0.2966055780649185;-0.10569940209388733;0.5454906523227692;0.630480095744133;0.0020842132507823408;0.5579812675714493;0.6425751745700836;-0.24570657685399055;0.54320228099823;0.9147273699442545;0.26829037566979724;0.5458900332450867;0.9391259153683981;0.05930979767193397;vertical;lado
0.83;0.5694738626480103;0.32057374715805054;-0.11962123960256577;0.5386357307434082;0.37526431679725647;0.061508629471063614;0.5403581857681274;0.37837374210357666;-0.23070736229419708;0.5387932658195496;0.5060194730758667;0.07257217913866043;0.5418928861618042;0.5147627592086792;-0.2619551122188568;0.5406357645988464;0.6067516803741455;0.09260910749435425;0.5454729795455933;0.6093550324440002;-0.09270115941762924;0.5428131818771362;0.7537286877632141;0.16885673999786377;0.5400633811950684;0.7695635557174683;-0.020226897671818733;0.5667612254619598;0.2966502904891968;-0.10567437931895256;0.5451852232217789;0.6306395530700684;0.005203852429986;0.5574082285165787;0.6425802260637283;-0.25016549602150917;0.5427984992663065;0.9145534634590149;0.26912275950113934;0.5458036661148071;0.939068595568339;0.058606306090950966;vertical;lado
0.87;0.5686632394790649;0.3204568922519684;-0.11988725513219833;0.5381743907928467;0.3752238154411316;0.0618969090282917;0.5398737788200378;0.3781910538673401;-0.23218673467636108;0.5386775732040405;0.5057176947593689;0.07310570776462555;0.5407850742340088;0.5146567225456238;-0.2638184726238251;0.5401497483253479;0.6068264842033386;0.09318391978740692;0.5452263951301575;0.6094874143600464;-0.09328245371580124;0.5426268577575684;0.753848671913147;0.17328870296478271;0.5399060249328613;0.7698914408683777;-0.01974344253540039;0.5660608768463135;0.296571409702301;-0.1059765163809061;0.544825866818428;0.6307302713394165;0.005813588970340788;0.5568274408578873;0.6425366848707199;-0.2519945129752159;0.5428149302800497;0.9143150647481283;0.28123021125793457;0.545550803343455;0.9391446510950724;0.06151714952041706;vertical;lado
0.9;0.5682927370071411;0.320449560880661;-0.11999692022800446;0.5377671718597412;0.37524986267089844;0.061883822083473206;0.5394174456596375;0.3782157897949219;-0.2322201430797577;0.5384733080863953;0.5056179165840149;0.07282522320747375;0.5397346615791321;0.5145827531814575;-0.2637988328933716;0.5394501686096191;0.6067165732383728;0.09331347793340683;0.5445107221603394;0.6093520522117615;-0.09341199696063995;0.5424838662147522;0.7538958787918091;0.1737053543329239;0.5397585034370422;0.7701390981674194;-0.019662227481603622;0.5657173037528992;0.296578711271286;-0.10604516752064228;0.5445829778909683;0.6307239234447479;0.0029624406015500426;0.5562417060136795;0.6424517780542374;-0.24860644713044167;0.5427788694699606;0.9142143527666727;0.2810121178627014;0.5454253753026327;0.9391270081202189;0.06170962999264399;vertical;lado
0.93;0.5678248405456543;0.32062429189682007;-0.11791060864925385;0.5372364521026611;0.3753352761268616;0.06438042223453522;0.5391684770584106;0.3782135546207428;-0.23146744072437286;0.5378377437591553;0.5053096413612366;0.0730268806219101;0.5391377210617065;0.5142863392829895;-0.26240432262420654;0.5385393500328064;0.6067380905151367;0.09370977431535721;0.543973445892334;0.6093893051147461;-0.09381084889173508;0.542383074760437;0.7542005181312561;0.1743069440126419;0.539701521396637;0.7705241441726685;-0.019628452137112617;0.5653307437896729;0.2969535827636719;-0.10373790264129638;0.5435699969530106;0.6307573318481445;0.0030794661724939942;0.5558749139308929;0.6424378901720047;-0.2446729801595211;0.5426397720972697;0.9141819477081299;0.2812497814496358;0.5452187458674113;0.9393557707468668;0.06186825782060623;vertical;lado
0.97;0.5676061511039734;0.3210867643356323;-0.11580205708742142;0.5366513133049011;0.37543976306915283;0.0670856460928917;0.5390515923500061;0.37821048498153687;-0.23038960993289948;0.5367913246154785;0.5052189230918884;0.07572981715202332;0.5385103225708008;0.5139751434326172;-0.26218339800834656;0.5377014875411987;0.6069315075874329;0.09415259212255478;0.5435996651649475;0.6096228957176208;-0.0942564457654953;0.5422443747520447;0.7555707693099976;0.174039825797081;0.5396022200584412;0.7713180184364319;-0.020109592005610466;0.5651746928691864;0.29751901626586913;-0.1015592336654663;0.5432043969631195;0.6307544559240341;0.005497643374837935;0.5557495951652527;0.6424402445554733;-0.24490855261683464;0.5426526268323263;0.914633313814799;0.2801620562871297;0.5450982054074606;0.9396462043126425;0.059628935220340885;vertical;lado
1.0;0.5674801468849182;0.3214666247367859;-0.11285601556301117;0.5363322496414185;0.37561529874801636;0.06863522529602051;0.5389115214347839;0.37824350595474243;-0.22774554789066315;0.5360774397850037;0.505233645439148;0.07628107815980911;0.5381774306297302;0.5141260623931885;-0.2588225305080414;0.5370101928710938;0.6078398823738098;0.09413126856088638;0.543380081653595;0.6107994318008423;-0.09423473477363586;0.5420604944229126;0.7586345076560974;0.17313361167907715;0.5395069718360901;0.7729647755622864;-0.020205331966280937;0.5650702834129333;0.29783729314804075;-0.09865750893950462;0.5426519066095352;0.6306900531053543;0.005959031637758017;0.5555743426084518;0.6426569372415543;-0.24151629954576492;0.5427422722180685;0.9158276319503784;0.2771630585193634;0.5449059208234152;0.9402564962704977;0.05935888675351938;vertical;lado
1.03;0.5670471787452698;0.3215286135673523;-0.10950179398059845;0.5357027053833008;0.37631815671920776;0.07094438374042511;0.5389226675033569;0.3784421682357788;-0.2251608669757843;0.5349167585372925;0.5052602887153625;0.07724424451589584;0.53765869140625;0.514163076877594;-0.25606435537338257;0.535976231098175;0.6096999645233154;0.09411362558603287;0.5428431630134583;0.6130449175834656;-0.09421681612730026;0.5420098900794983;0.7608926296234131;0.1716100424528122;0.5389367341995239;0.7748661041259766;-0.020665999501943588;0.5646086692810058;0.29796247482299804;-0.09541252627968788;0.5411663204431534;0.6310031861066818;0.00637841084972024;0.5552537888288498;0.6426678001880646;-0.2387656792998314;0.5435692667961121;0.9172379374504089;0.274344136317571;0.5445820291837057;0.9412566622098287;0.058070484548807144;vertical;lado
1.07;0.5669011473655701;0.3218227028846741;-0.11061209440231323;0.5353812575340271;0.37659960985183716;0.0708661824464798;0.538933277130127;0.3785704970359802;-0.2253112643957138;0.5344542264938354;0.5055258870124817;0.07716669887304306;0.53754723072052;0.514398992061615;-0.25647440552711487;0.5342196226119995;0.6097549200057983;0.09463279694318771;0.5412834286689758;0.6133467555046082;-0.09474065899848938;0.5415835976600647;0.7606446146965027;0.17277008295059204;0.538183867931366;0.7748239636421204;-0.020660432055592537;0.5644290626049042;0.2983748435974121;-0.09652251079678535;0.5400440543889999;0.6310438513755798;0.006244849762879312;0.5544820129871368;0.6426189690828323;-0.23953347653150558;0.5439795056978861;0.9175246159235636;0.2774890462557475;0.5445827841758728;0.9416096607844034;0.05816449411213398;vertical;lado
1.1;0.5669471621513367;0.3223918676376343;-0.1102399080991745;0.5346206426620483;0.376775324344635;0.07222457975149155;0.5389382243156433;0.37859630584716797;-0.22569698095321655;0.5330796241760254;0.5056862235069275;0.08065328001976013;0.5374946594238281;0.5147656798362732;-0.25745221972465515;0.5318781733512878;0.6097432971000671;0.09478967636823654;0.5398624539375305;0.6132926940917969;-0.09489601850509644;0.5413740873336792;0.7598560452461243;0.16561175882816315;0.5380755066871643;0.7747148871421814;-0.028362391516566277;0.5644572079181671;0.2989941149950027;-0.09610389471054077;0.5380325317382812;0.6306840032339096;0.013080314258331782;0.5542148649692535;0.6419450491666794;-0.24765456840395927;0.5436877210934957;0.9173856774965922;0.2640253007411957;0.5441378156344095;0.9415870904922485;0.04086575719217459;vertical;lado
1.13;0.5671575665473938;0.32270851731300354;-0.11039695888757706;0.5340784788131714;0.37747088074684143;0.0733550414443016;0.5389969944953918;0.37885019183158875;-0.2258811593055725;0.5316106081008911;0.5061282515525818;0.08150053769350052;0.5372546911239624;0.5153270363807678;-0.2576122283935547;0.5300499796867371;0.6098447442054749;0.09561578929424286;0.5372227430343628;0.6135225296020508;-0.09572489559650421;0.5412276983261108;0.7588518857955933;0.16840818524360657;0.5376841425895691;0.7744322419166565;-0.027081023901700974;0.5645500659942627;0.29923312962055204;-0.09614021200686693;0.5378495156764984;0.6304793655872345;0.01166268507950008;0.5532407313585281;0.6419196426868439;-0.2446061372756958;0.5437463323275248;0.9168213804562887;0.2697916030883789;0.5441536704699198;0.9413975675900778;0.045730766646253564;vertical;lado
1.17;0.5674428939819336;0.3233790397644043;-0.11732782423496246;0.5338491201400757;0.3783303201198578;0.06797076016664505;0.5390777587890625;0.37926217913627625;-0.23240534961223602;0.5307769179344177;0.506982147693634;0.07764607667922974;0.5366752743721008;0.5162823796272278;-0.26431870460510254;0.5286301374435425;0.6114512085914612;0.09585662186145782;0.5341342091560364;0.6163545250892639;-0.09597374498844147;0.541183352470398;0.7583587765693665;0.18232369422912598;0.5370665788650513;0.7747315168380737;-0.017209788784384727;0.5646754980087281;0.29994778633117675;-0.10320977643132209;0.5369475930929184;0.6310957223176956;0.006811617990024388;0.5518531799316406;0.6425815373659134;-0.25072747841477394;0.5437829693158468;0.9156682888666788;0.3000110288461049;0.543858269850413;0.9414056539535522;0.07074160190920036;vertical;lado
1.2;0.5679618716239929;0.32464033365249634;-0.11659055948257446;0.5332531332969666;0.37920472025871277;0.07242266833782196;0.5391480922698975;0.37994927167892456;-0.2321464717388153;0.5291411876678467;0.5085234642028809;0.07950273901224136;0.5363908410072327;0.5169079899787903;-0.263820081949234;0.5247336030006409;0.611792802810669;0.09683124721050262;0.5312535166740417;0.6167787313461304;-0.09694566577672958;0.5395910739898682;0.758300244808197;0.18110431730747223;0.5367968678474426;0.7746997475624084;-0.01758621260523796;0.5650195896625518;0.3009498596191406;-0.101975417137146;0.5368374884128571;0.6313053369522095;0.006943410495296121;0.549910843372345;0.6436330676078796;-0.2379581332206726;0.5437524318695068;0.9161141117413839;0.29217904806137085;0.5439010461171468;0.9414680004119873;0.06777201530834039;vertical;lado
1.23;0.5682231187820435;0.3266300559043884;-0.11172836273908615;0.5321758389472961;0.38036689162254333;0.07707083970308304;0.5396333336830139;0.380497008562088;-0.23014195263385773;0.5244752168655396;0.5104539394378662;0.08236344903707504;0.5364663004875183;0.517615795135498;-0.2597297132015228;0.5217233896255493;0.6117614507675171;0.0977041944861412;0.5294060111045837;0.6168404817581177;-0.09781769663095474;0.5370883345603943;0.7583554983139038;0.18137285113334656;0.5353577733039856;0.7756071090698242;-0.017225230112671852;0.5652243375778199;0.30280901491642;-0.09701333213597536;0.5305281728506088;0.6329702734947205;0.012584623895236291;0.547412633895874;0.6442454904317856;-0.23196782171726227;0.5424564083417257;0.9158782561620077;0.2889514962832133;0.5441880027453104;0.9415294925371805;0.06662554107606411;vertical;lado
1.27;0.5695644021034241;0.32999950647354126;-0.11182025820016861;0.5319499373435974;0.3809676170349121;0.07498299330472946;0.5401501059532166;0.3818775713443756;-0.22803913056850433;0.5211992859840393;0.5129089951515198;0.07256003469228745;0.5364672541618347;0.5193008780479431;-0.25492432713508606;0.5201300382614136;0.6131836175918579;0.0971037819981575;0.5281068086624146;0.6190182566642761;-0.09720410406589508;0.535707950592041;0.7619072198867798;0.18450604379177094;0.5347798466682434;0.7790420651435852;-0.008463915437459946;0.567132043838501;0.30605628788471223;-0.09706361684948206;0.5269006341695786;0.6348320692777634;0.0023803885706001893;0.5445484668016434;0.6465508490800858;-0.22369548305869102;0.541942814985911;0.9163732727368673;0.2946999470392863;0.5443559288978577;0.9416298667589823;0.0813738393286864;sentandose;lado
1.3;0.5703374147415161;0.3330218195915222;-0.11204428970813751;0.5316334366798401;0.3823220431804657;0.07431001216173172;0.5405834913253784;0.3850785791873932;-0.22828657925128937;0.5198506116867065;0.5140262842178345;0.0730285719037056;0.5361093282699585;0.5221517086029053;-0.25519099831581116;0.5185565948486328;0.6147089004516602;0.09712744504213333;0.5262097120285034;0.6213001608848572;-0.09722697734832764;0.5338030457496643;0.7624594569206238;0.18601778149604797;0.5336092710494995;0.7788930535316467;-0.008226250298321247;0.5681691229343414;0.30902298986911775;-0.09717599395662546;0.525866374373436;0.6354322880506516;0.002854099409887567;0.5438273251056671;0.6490676254034042;-0.22744586318731308;0.5418596863746643;0.9167513449986776;0.2941121459007263;0.5458659331003824;0.9421802560488383;0.08043056602279346;sentandose;lado
1.33;0.5709964036941528;0.3352091610431671;-0.11053488403558731;0.5313387513160706;0.3836718797683716;0.07391831278800964;0.5408967733383179;0.38732653856277466;-0.2271033078432083;0.5175034403800964;0.5138630867004395;0.07743436098098755;0.535339891910553;0.5233465433120728;-0.2546372413635254;0.5164663791656494;0.6160597205162048;0.09705663472414017;0.5230742692947388;0.622843325138092;-0.09714755415916443;0.5327040553092957;0.76233971118927;0.18057969212532043;0.5311877131462097;0.7789384126663208;-0.009144575335085392;0.5690519750118256;0.3114449858665466;-0.09585163630545139;0.5236306935548782;0.6337587535381317;0.01312132722523529;0.5433564186096191;0.6496016681194305;-0.22959420830011368;0.5380041797955831;0.9164583683013916;0.28044837713241577;0.5453921755154928;0.9425011873245239;0.07013844326138496;sentandose;lado
1.37;0.5718977451324463;0.33880528807640076;-0.11916197836399078;0.5313499569892883;0.38532209396362305;0.06704849749803543;0.5409486293792725;0.39037662744522095;-0.23714207112789154;0.5181273818016052;0.5150770545005798;0.07651696354150772;0.5335472822189331;0.5272184014320374;-0.2673717737197876;0.5141656398773193;0.6174159646034241;0.09752173721790314;0.5195943713188171;0.6254693269729614;-0.09761480242013931;0.5326858162879944;0.7622337341308594;0.18012258410453796;0.5300288200378418;0.7788254022598267;-0.010988626629114151;0.5703480780124665;0.3150096297264099;-0.10453552268445492;0.5228338837623596;0.636101707816124;0.012467913650652918;0.5425638407468796;0.6521099954843521;-0.25145313888788223;0.5347460905710856;0.9163804451624552;0.2808167040348053;0.5436560908953348;0.943955679734548;0.0677983183413744;sentandose;lado
1.4;0.5727320909500122;0.3423122465610504;-0.12263024598360062;0.5313777327537537;0.3879688084125519;0.06369571387767792;0.5409457683563232;0.39350324869155884;-0.23879317939281464;0.5168821811676025;0.5166871547698975;0.07506690919399261;0.5308412313461304;0.5306993126869202;-0.26967835426330566;0.5118705034255981;0.61891108751297;0.0977003201842308;0.5167906880378723;0.6268304586410522;-0.09778600931167603;0.5309237241744995;0.7623491287231445;0.18830306828022003;0.5299042463302612;0.7789099216461182;-0.021331407129764557;0.5713750064373017;0.3185752838850021;-0.10807350277900696;0.5237379670143127;0.6368848830461502;0.011007860448444262;0.5423416793346405;0.653220996260643;-0.25389474630355835;0.5318397482236227;0.9138310551643372;0.3024410406748454;0.5435518821080526;0.9461864630381266;0.042412358336150646;sentandose;lado
1.43;0.5738320350646973;0.3466251790523529;-0.12246469408273697;0.5314009189605713;0.3910699486732483;0.06396996229887009;0.5410743355751038;0.39549723267555237;-0.23767393827438354;0.5159798860549927;0.5195847153663635;0.0748092532157898;0.5279245376586914;0.5314387083053589;-0.26924222707748413;0.5106920003890991;0.6198535561561584;0.09832148998975754;0.5159116387367249;0.6271575689315796;-0.09839767962694168;0.530373752117157;0.7647941708564758;0.19140024483203888;0.5300968289375305;0.7816915512084961;-0.020606810227036476;0.573226147890091;0.32301942706108094;-0.10792667344212532;0.5244797468185425;0.6362105309963226;0.00873280456289649;0.5426302552223206;0.653471976518631;-0.2527627609670162;0.5308346350987753;0.9138254523277283;0.30367833375930786;0.5435459017753601;0.9506505131721497;0.048150614728607856;sentandose;lado
1.47;0.5753282308578491;0.35191044211387634;-0.12897470593452454;0.5316950082778931;0.3945613503456116;0.058505382388830185;0.5410803556442261;0.4011068046092987;-0.24301393330097198;0.5162350535392761;0.5219990015029907;0.07250219583511353;0.52423095703125;0.5344985127449036;-0.276138573884964;0.5088744163513184;0.620516836643219;0.09852130711078644;0.5140376091003418;0.6275221705436707;-0.09858638793230057;0.5272107124328613;0.764575183391571;0.18979305028915405;0.5303420424461365;0.7816227078437805;-0.019812000915408134;0.5753556549549103;0.32893377244472505;-0.11418392546474934;0.5274190902709961;0.6371332108974457;0.003452998149441555;0.5438585579395294;0.6535912901163101;-0.2582891806960106;0.5250417590141296;0.9157389601071676;0.29949766397476196;0.5433674454689026;0.9515159328778585;0.06138543722530206;sentandose;lado
1.5;0.5757039785385132;0.35943976044654846;-0.13646994531154633;0.531984269618988;0.4000275731086731;0.04633179306983948;0.5410225987434387;0.4083363711833954;-0.24436579644680023;0.5145007967948914;0.5240556597709656;0.059568021446466446;0.5204936265945435;0.5378453135490417;-0.27378615736961365;0.5063039064407349;0.6207676529884338;0.09540893137454987;0.5129309892654419;0.6276143193244934;-0.09545125812292099;0.5221653580665588;0.7647837400436401;0.18872804939746857;0.5304047465324402;0.7813885807991028;-0.019388459622859955;0.5761347055435181;0.3374007523059845;-0.12190190032124519;0.5274496227502823;0.6369538903236389;-0.009920278149365913;0.5442084968090057;0.6531776785850525;-0.24690861999988556;0.5201739271481832;0.9165368676185608;0.29759228229522705;0.5448093414306641;0.9514374534289042;0.06605492221812408;sentandose;lado
1.53;0.5761538147926331;0.37089818716049194;-0.13927806913852692;0.5320371389389038;0.4091658294200897;0.04539751634001732;0.5404989123344421;0.41999053955078125;-0.24613787233829498;0.5142940282821655;0.528883695602417;0.06041983887553215;0.517427384853363;0.5448411107063293;-0.27258870005607605;0.502506673336029;0.621444821357727;0.09548129141330719;0.5069400072097778;0.6299098134040833;-0.09552697092294693;0.5200924277305603;0.764651894569397;0.20046912133693695;0.530656635761261;0.7811484932899475;-0.03971836715936661;0.5767184674739838;0.3481894791126251;-0.12437545582652092;0.5301598608493805;0.6338072866201401;-0.016261394135653973;0.5454673022031784;0.6522646844387054;-0.23576820269227028;0.5216755072275797;0.9169240593910217;0.3192049165566762;0.5457142988840739;0.9518207510312399;0.011137293030818304;sentandose;lado
1.57;0.5770571231842041;0.3831416964530945;-0.13951309025287628;0.5328325629234314;0.42075520753860474;0.043866824358701706;0.5400400161743164;0.4300885796546936;-0.24538969993591309;0.5143313407897949;0.5361357927322388;0.060976870357990265;0.5134736895561218;0.5491176843643188;-0.2704199254512787;0.5002349019050598;0.6239273548126221;0.09519577771425247;0.5024964213371277;0.6325063705444336;-0.09522892534732819;0.5191266536712646;0.7665345668792725;0.19835948944091797;0.530776858329773;0.7813727259635925;-0.04195552319288254;0.5786994576454163;0.3594793349504471;-0.12444662265479564;0.5323360860347748;0.633890688419342;-0.016224659397266805;0.5460392832756042;0.6521981209516525;-0.23054485395550728;0.520751953125;0.9202547470728556;0.3088823159535726;0.5454713106155396;0.9519287943840027;0.00918614057203134;sentandose;lado
1.6;0.5777583122253418;0.393040269613266;-0.1446106880903244;0.5333124399185181;0.43143975734710693;0.03853344917297363;0.5393596887588501;0.4423793852329254;-0.2507553696632385;0.5145953893661499;0.5429697632789612;0.06025112420320511;0.5112543702125549;0.556232750415802;-0.2711115777492523;0.4976494014263153;0.6265901923179626;0.0950506404042244;0.49618518352508545;0.6351445913314819;-0.09507491439580917;0.5199559926986694;0.766390860080719;0.19471974670886993;0.5308824777603149;0.7778380513191223;-0.05394255369901657;0.5797126471996308;0.3703923851251602;-0.1294371359050274;0.5326298624277115;0.6388278603553772;-0.014323815994430333;0.5463573336601257;0.6560501307249069;-0.2331083007156849;0.5190275510152181;0.9200211564699808;0.3051849603652954;0.545310397942861;0.9519486029942831;-0.02093540915908913;sentandose;lado
1.63;0.5794356465339661;0.4078059494495392;-0.14379431307315826;0.5332991480827332;0.4434596598148346;0.044061608612537384;0.5392903089523315;0.4555387496948242;-0.24852381646633148;0.5125794410705566;0.5517633557319641;0.07099276036024094;0.5112112760543823;0.5652028918266296;-0.26207172870635986;0.49354609847068787;0.6346376538276672;0.09753440320491791;0.4926489293575287;0.6427208185195923;-0.09753192216157913;0.5206800699234009;0.7705459594726562;0.19328050315380096;0.5330327749252319;0.7778375744819641;-0.05344761162996292;0.5817490458488465;0.38504131734371183;-0.1244642272591591;0.5323655754327774;0.6451475769281387;-0.006663131469395012;0.5465773940086365;0.6590723991394043;-0.21369559690356255;0.5199911793073019;0.9225897192955017;0.30398431420326233;0.5466316143671671;0.9516954024632772;-0.008570773216585318;sentandose;lado
1.67;0.5808372497558594;0.42258158326148987;-0.13151653110980988;0.5332916378974915;0.4543500244617462;0.052921973168849945;0.5393004417419434;0.46688520908355713;-0.24318303167819977;0.5112414360046387;0.5606139898300171;0.07723137736320496;0.5109765529632568;0.575152575969696;-0.25048118829727173;0.48694318532943726;0.6381128430366516;0.0975138396024704;0.48713043332099915;0.6468608379364014;-0.09751195460557938;0.5212472081184387;0.7711883187294006;0.1885349154472351;0.5335849523544312;0.7776889801025391;-0.04631638899445534;0.5831241309642792;0.40017071068286897;-0.11390515081584454;0.5329006612300873;0.6532809287309647;0.002509489917429164;0.5465652793645859;0.6655552089214325;-0.19007356092333794;0.5198212464650472;0.9260915716489156;0.28659847378730774;0.545071542263031;0.9515819946924845;0.038704117915282645;sentandose;lado
1.7;0.5815370082855225;0.43654677271842957;-0.12486422061920166;0.5328289270401001;0.4645278751850128;0.057985540479421616;0.5393062829971313;0.47999924421310425;-0.2397157847881317;0.5080518126487732;0.56852126121521;0.08383484929800034;0.5108101963996887;0.58674156665802;-0.24704530835151672;0.48082971572875977;0.6403143405914307;0.0975203588604927;0.4842357337474823;0.6497958302497864;-0.0975179374217987;0.5134231448173523;0.7777431607246399;0.18850818276405334;0.5335718989372253;0.7772104144096375;-0.0456819050014019;0.5839159488677979;0.4151816934347153;-0.10837397687137126;0.5299473106861115;0.6664638817310333;0.01451355420431355;0.5458583831787109;0.6754127740859985;-0.18937185779213905;0.5209647218386332;0.929984986782074;0.2887068490187327;0.5448373754819235;0.9503675103187561;0.04263380728662014;sentandose;lado
1.73;0.5813369154930115;0.4509049355983734;-0.09187527745962143;0.5309212803840637;0.4777567684650421;0.09191374480724335;0.5389906764030457;0.49334731698036194;-0.21855789422988892;0.5049151182174683;0.5762466788291931;0.11985108256340027;0.5096786022186279;0.5969440340995789;-0.2317417562007904;0.4741034209728241;0.6434272527694702;0.10024511814117432;0.4793397784233093;0.6547612547874451;-0.10022228956222534;0.5139427781105042;0.7731704115867615;0.19062553346157074;0.5346408486366272;0.7743974924087524;-0.0425858348608017;0.5838460326194763;0.4301804959774017;-0.07482164059765636;0.5325310826301575;0.67445008456707;0.05202079750597477;0.5453855395317078;0.6870944201946259;-0.17785000056028366;0.5226526260375977;0.9269552826881409;0.29638779163360596;0.5446061491966248;0.9476738770802816;0.045651270697514214;sentandose;lado
1.77;0.5811281204223633;0.468176931142807;-0.09325031191110611;0.53010493516922;0.4930488169193268;0.08840016275644302;0.5378687381744385;0.5075606107711792;-0.21596823632717133;0.5042562484741211;0.587076723575592;0.11803677678108215;0.5053677558898926;0.606644332408905;-0.22958406805992126;0.47149497270584106;0.6487722992897034;0.1000092402100563;0.4729633927345276;0.6612326502799988;-0.09998487681150436;0.5199913382530212;0.7717294692993164;0.1752387285232544;0.534529447555542;0.7745127081871033;-0.04896562173962593;0.5836373448371888;0.4474219888448715;-0.07710919398814439;0.537014439702034;0.6776813417673111;0.04910099506378174;0.54523666203022;0.6943178772926331;-0.18240485712885857;0.5215204556783041;0.9278212984402975;0.2682023247083028;0.5441305637359619;0.9476962288220724;0.03528467441598574;sentandose;lado
1.8;0.5809867978096008;0.4805130064487457;-0.09272126108407974;0.5302041172981262;0.5089989304542542;0.09352611750364304;0.5354515910148621;0.5206169486045837;-0.21522237360477448;0.5055322051048279;0.6010423898696899;0.12918561697006226;0.501608669757843;0.6192506551742554;-0.2272961288690567;0.47013962268829346;0.6535078287124634;0.10034564137458801;0.4673156440258026;0.6675094962120056;-0.10030210018157959;0.5265528559684753;0.764746904373169;0.17328643798828125;0.5345034599304199;0.774039089679718;-0.056517355144023895;0.5832617580890656;0.46137370765209196;-0.07680507181212307;0.5417620241641998;0.6896063536405563;0.055204108357429504;0.5450776070356369;0.7048380225896835;-0.1781342774629593;0.5234031081199646;0.9208409388860067;0.26843775312105816;0.5426566203435262;0.9464625517527262;0.035223618460198246;sentandose;lado
1.83;0.5793354511260986;0.4934740364551544;-0.07819430530071259;0.5299055576324463;0.5233117341995239;0.10207752883434296;0.5333734154701233;0.533808171749115;-0.20135386288166046;0.5060093998908997;0.6166946291923523;0.13670481741428375;0.5002497434616089;0.6328555345535278;-0.2118874490261078;0.46791112422943115;0.6599307656288147;0.100251205265522;0.4665096700191498;0.6760199666023254;-0.10016826540231705;0.5297954678535461;0.76194828748703;0.1760675013065338;0.5348609089851379;0.7741292715072632;-0.06519260257482529;0.5823461532592773;0.4750797927379608;-0.06301597831770778;0.5423079580068588;0.6978594809770584;0.06697278842329979;0.5450778007507324;0.714293509721756;-0.15749023482203484;0.5240067442258199;0.9170916676521301;0.2771054009596507;0.5417037407557169;0.9474222858746847;0.01574692331875364;sentandose;lado
1.87;0.577699601650238;0.5085645318031311;-0.06560329347848892;0.5290595889091492;0.5352123975753784;0.11377287656068802;0.5322674512863159;0.5461806654930115;-0.19109387695789337;0.5050380825996399;0.6260479092597961;0.15438735485076904;0.497612863779068;0.6452849507331848;-0.1817677766084671;0.46259450912475586;0.6668712496757507;0.10013273358345032;0.46203330159187317;0.6812847852706909;-0.10004903376102448;0.5289702415466309;0.7649662494659424;0.17891067266464233;0.5350557565689087;0.7740870714187622;-0.05757288262248039;0.5810028433799743;0.4900420755147934;-0.05057528736069798;0.5410905331373215;0.7003739476203918;0.08569875359535217;0.5439005047082901;0.7145408540964127;-0.0841152798384428;0.5138639807701111;0.9174469312032064;0.2876925269762675;0.5412902434666952;0.9443782965342203;0.03753569473822912;sentandose;lado
1.9;0.5750933885574341;0.52486252784729;-0.05895660072565079;0.5270235538482666;0.5455366969108582;0.12497631460428238;0.5300592184066772;0.5586737394332886;-0.19057853519916534;0.5028511881828308;0.6366621255874634;0.1784018725156784;0.4948314428329468;0.6579667925834656;-0.18359176814556122;0.45954641699790955;0.6749956011772156;0.10124275088310242;0.45830219984054565;0.6902775168418884;-0.10112021118402481;0.5283690690994263;0.7650022506713867;0.19508220255374908;0.5351471900939941;0.774086594581604;-0.06415028125047684;0.5785687625408172;0.5058709114789963;-0.04391177538782358;0.5411847531795502;0.7075154185295105;0.12417931854724884;0.5433863252401352;0.7211963385343552;-0.08887063711881638;0.5152618984381357;0.9185238480567932;0.3112455407778422;0.5407057404518127;0.944497545560201;0.030045652762055397;sentandose;lado
1.93;0.5717813372612;0.5379686951637268;-0.06348797678947449;0.5249382853507996;0.5577704310417175;0.11669225245714188;0.5262574553489685;0.5706304311752319;-0.19130685925483704;0.49985620379447937;0.6468742489814758;0.14818145334720612;0.4917164444923401;0.6694856882095337;-0.18010935187339783;0.4582211375236511;0.6865574717521667;0.10044366121292114;0.455100953578949;0.7017689347267151;-0.10029584169387817;0.5312626957893372;0.7631950378417969;0.17699699103832245;0.5357017517089844;0.7747629284858704;-0.07227905839681625;0.575523293018341;0.5183168232440949;-0.04874513726681471;0.5405937135219574;0.7161627411842346;0.08719387836754322;0.542891725897789;0.7300498336553574;-0.07151107303798199;0.5282183488210043;0.9209395448366801;0.26450977722803753;0.5403626362482706;0.9456832607587179;0.01889113507544001;sentandose;lado
1.97;0.5665440559387207;0.5469917058944702;-0.05531763285398483;0.5217979550361633;0.5677887797355652;0.12746351957321167;0.5230554342269897;0.5803781151771545;-0.18688835203647614;0.5008484721183777;0.6607422232627869;0.18229365348815918;0.48860031366348267;0.6799463033676147;-0.17014896869659424;0.45473983883857727;0.6944625377655029;0.10037390887737274;0.4519239366054535;0.7104005813598633;-0.10024268925189972;0.5308167338371277;0.7629470825195312;0.17803798615932465;0.5352240204811096;0.77547287940979;-0.07561234384775162;0.5714142322540283;0.5278996586799621;-0.04053496504202485;0.5401042401790619;0.7133626341819763;0.12614759244024754;0.5422363728284836;0.7321480810642242;-0.051144364289939404;0.5235858758290609;0.9193241198857626;0.2692502935727437;0.540067990620931;0.9461804231007894;0.01638910702119271;sentandose;lado
2.0;0.5641119480133057;0.5557430982589722;-0.05321267992258072;0.5179479122161865;0.5732647180557251;0.12866486608982086;0.5211272239685059;0.591392457485199;-0.18439532816410065;0.49437054991722107;0.6671041250228882;0.20309212803840637;0.48585861921310425;0.6911761164665222;-0.15544456243515015;0.4500146806240082;0.7047299146652222;0.10010908544063568;0.45074591040611267;0.7216852307319641;-0.09995143860578537;0.5287824869155884;0.7630658745765686;0.18977491557598114;0.5340660810470581;0.7752135396003723;-0.07428101450204849;0.5682271242141723;0.537897938489914;-0.038673422578722236;0.5328674167394638;0.7077786028385162;0.1693223901093006;0.5395183712244034;0.7334785461425781;-0.012547957594506443;0.5188894073168436;0.9176034530003866;0.28574323654174805;0.5394930640856425;0.9460286299387614;0.02710290749867757;sentandose;lado
2.03;0.5616475343704224;0.5625651478767395;-0.055261436849832535;0.514496922492981;0.5805246233940125;0.1265638768672943;0.5184873342514038;0.5982104539871216;-0.18380485475063324;0.4826009273529053;0.6772348880767822;0.19989551603794098;0.48021000623703003;0.7001657485961914;-0.15093596279621124;0.4466545581817627;0.7154679894447327;0.09990359097719193;0.4469112753868103;0.7335901856422424;-0.09977609664201736;0.5294190049171448;0.7593032121658325;0.15629908442497253;0.5323541760444641;0.7740561366081238;-0.09807972609996796;0.5647143661975861;0.5440187871456146;-0.040715893264859915;0.5312422513961792;0.7114920020103455;0.05085882265120745;0.5368600785732269;0.7334370166063309;-0.0031185554689727724;0.5251739819844564;0.9205299814542135;0.2098554770151774;0.5371028383572897;0.9459659457206726;0.02122775341073672;sentandose;lado
2.07;0.5596317648887634;0.5680168867111206;-0.06082646921277046;0.5114813446998596;0.583630383014679;0.12605167925357819;0.5158036947250366;0.6040560603141785;-0.18861207365989685;0.481442928314209;0.6806303858757019;0.1970885545015335;0.4777369499206543;0.7044236063957214;-0.14543302357196808;0.44512033462524414;0.7201181054115295;0.09987904131412506;0.44456052780151367;0.7398002743721008;-0.09974838048219681;0.5291553139686584;0.7585994005203247;0.14498333632946014;0.53004390001297;0.7745855450630188;-0.09718314558267593;0.5616296052932739;0.5488677263259888;-0.046248556859791276;0.5313053578138351;0.7085268348455429;0.03955112537369132;0.535361722111702;0.7288128286600113;0.03499125596135855;0.5282643636067709;0.9236954847971598;0.1949259638786316;0.5363220572471619;0.9466220140457153;-0.008064504712820053;sentandose;lado
2.1;0.5540595054626465;0.5712042450904846;-0.06347589194774628;0.5068560242652893;0.5848667621612549;0.12591910362243652;0.5119660496711731;0.6084355711936951;-0.1903347373008728;0.47836071252822876;0.6829610466957092;0.1901613473892212;0.47514835000038147;0.7108784317970276;-0.14652425050735474;0.4433755576610565;0.7231829166412354;0.10015248507261276;0.4431312382221222;0.7465659976005554;-0.10002018511295319;0.5287622809410095;0.7537347078323364;0.14459861814975739;0.5290189385414124;0.7749615907669067;-0.1059427335858345;0.5568828403949737;0.5515889585018158;-0.04902998488396406;0.529015451669693;0.7053722590208054;0.12061002850532532;0.532502144575119;0.728082463145256;0.021397623233497143;0.5315398375193278;0.9226499795913696;0.2029636800289154;0.5365476806958517;0.9479264815648397;-0.026244028471410275;sentandose;lado
2.13;0.5463809370994568;0.570738673210144;-0.07430572807788849;0.5019021034240723;0.5837077498435974;0.12369770556688309;0.5055379271507263;0.6104013323783875;-0.19493551552295685;0.47837257385253906;0.675326406955719;0.19933554530143738;0.4714449644088745;0.7144796252250671;-0.1540299504995346;0.4408285617828369;0.7255628705024719;0.10128870606422424;0.4405171275138855;0.7516888380050659;-0.10111382603645325;0.5274107456207275;0.7520223259925842;0.14213116466999054;0.5270600914955139;0.7764939069747925;-0.1064886525273323;0.5490625679492951;0.5515923082828522;-0.06125178234651685;0.5270104259252548;0.7026969641447067;0.15460888668894768;0.5294235050678253;0.7283545136451721;0.001759285671141697;0.5307504733403524;0.9269715150197347;0.20590775708357492;0.5354332526524862;0.9494701822598776;-0.03143269630769888;sentandose;lado
2.17;0.5388387441635132;0.572621762752533;-0.07661845535039902;0.494797945022583;0.5841057300567627;0.12079935520887375;0.4984869360923767;0.610843300819397;-0.19752174615859985;0.4732509255409241;0.6852478384971619;0.19675523042678833;0.46693557500839233;0.7187337875366211;-0.1585896760225296;0.435890257358551;0.7316828966140747;0.10150095820426941;0.4367268681526184;0.7591763138771057;-0.1013236790895462;0.5234843492507935;0.7488179802894592;0.14977379143238068;0.5252750515937805;0.7769864797592163;-0.10860039293766022;0.5418709099292756;0.5521451652050018;-0.06397079962771386;0.5241976678371429;0.701896995306015;0.1455037072300911;0.5247221142053604;0.727391928434372;-0.011015331838279963;0.5290676554044088;0.9237819115320841;0.2097355624039968;0.5354328950246176;0.9507585366566976;-0.03704837150871754;sentandose;lado
2.2;0.5326743721961975;0.5685700178146362;-0.07763124257326126;0.4890347719192505;0.5843446850776672;0.1137300431728363;0.49088379740715027;0.6071196794509888;-0.20045138895511627;0.467048704624176;0.690904438495636;0.18560738861560822;0.4626722037792206;0.7190384268760681;-0.17904134094715118;0.43462198972702026;0.7369266152381897;0.10143422335386276;0.4331446588039398;0.7614524960517883;-0.10126637667417526;0.5199106335639954;0.7485291361808777;0.1627398431301117;0.5225647687911987;0.7769476175308228;-0.11164677888154984;0.5358174026012421;0.5480704545974732;-0.0641912093386054;0.516090452671051;0.7019855380058289;0.13758984208106995;0.521191880106926;0.7272414118051529;-0.061657216399908066;0.5269561807314554;0.9177293578783671;0.24987669785817465;0.5354827046394348;0.9516432682673136;-0.04801896338661512;sentandose;lado
2.23;0.5258986353874207;0.5626376867294312;-0.07170957326889038;0.48323142528533936;0.585655152797699;0.11369215697050095;0.4841998517513275;0.6047590970993042;-0.1953180730342865;0.46157971024513245;0.6945235729217529;0.15457004308700562;0.45756641030311584;0.7179866433143616;-0.16205337643623352;0.43265292048454285;0.7392308712005615;0.09932700544595718;0.429654061794281;0.7619326710700989;-0.09916470944881439;0.5176873207092285;0.7484486103057861;0.15426062047481537;0.5209242701530457;0.7765750288963318;-0.1182890310883522;0.5285268247127533;0.5426643788814545;-0.057565060630440715;0.5122961699962616;0.7032061070203781;0.058440123684704304;0.5176160335540771;0.7237882018089294;-0.006811454310081899;0.5201769471168518;0.9161526759465536;0.22839809954166412;0.5354329148928324;0.9519104162851969;-0.05330566192666689;sentandose;lado
2.27;0.5202834010124207;0.5594843029975891;-0.07842522859573364;0.476579487323761;0.5837605595588684;0.10554954409599304;0.47812819480895996;0.6011578440666199;-0.19816483557224274;0.45609167218208313;0.6940736770629883;0.1147504597902298;0.4520026445388794;0.7161015272140503;-0.16044946014881134;0.43126195669174194;0.7383617162704468;0.0977349579334259;0.42861106991767883;0.7601804733276367;-0.09764937311410904;0.5169331431388855;0.7485440373420715;0.14151135087013245;0.5208339095115662;0.7767654061317444;-0.1107029989361763;0.5223178267478943;0.5396386384963989;-0.06399747226387262;0.5090904831886292;0.7030948996543884;-0.013778319698758423;0.5146211534738541;0.7208488881587982;0.007924418663606048;0.5201198856035868;0.9191120664278666;0.19795514146486917;0.534925659497579;0.9529429078102112;-0.037425704300403595;sentandose;lado
2.3;0.5140442252159119;0.5543274283409119;-0.08079645037651062;0.47113364934921265;0.5807626843452454;0.10375145077705383;0.47121503949165344;0.5987482070922852;-0.20133432745933533;0.45700016617774963;0.6904962658882141;0.13666918873786926;0.44678449630737305;0.7150179147720337;-0.16804416477680206;0.43128353357315063;0.7362995743751526;0.0967763215303421;0.42751625180244446;0.7603368163108826;-0.0967000350356102;0.5176706314086914;0.7487276196479797;0.1471434235572815;0.5206593871116638;0.7768602967262268;-0.10770831257104874;0.5149674415588379;0.534525203704834;-0.06585628818720579;0.5074479728937149;0.7037043124437332;0.041240880731493235;0.5120369791984558;0.7194583266973495;-0.004330147028667852;0.5225695172945658;0.9166326920191447;0.21500542759895325;0.5347269773483276;0.9534258643786112;-0.029827455679575603;sentandose;lado
2.33;0.5059980154037476;0.546479344367981;-0.07509713619947433;0.46388334035873413;0.5793065428733826;0.10484585911035538;0.4653202295303345;0.5984152555465698;-0.1922839879989624;0.4507909417152405;0.6882769465446472;0.1407622992992401;0.4416344165802002;0.7123204469680786;-0.16811680793762207;0.43041834235191345;0.7373702526092529;0.09609214216470718;0.4268607497215271;0.7615200281143188;-0.09602318704128265;0.5182132124900818;0.7499544620513916;0.15599466860294342;0.5209948420524597;0.7768512964248657;-0.10605248808860779;0.5057720154523849;0.525392371416092;-0.05955410255119205;0.5016061812639236;0.7021932750940323;0.045382605865597725;0.5047707483172417;0.7134327292442322;-0.03810828272253275;0.5224143067995707;0.9139742056528727;0.2353307604789734;0.5341496467590332;0.9546159505844116;-0.025988001376390457;sentandose;lado
2.37;0.4988264739513397;0.5383526086807251;-0.06535068899393082;0.4572516679763794;0.5786821842193604;0.10489402711391449;0.4588489234447479;0.5955989360809326;-0.1776365041732788;0.44346633553504944;0.6902617812156677;0.10878340899944305;0.4368732273578644;0.7113949060440063;-0.1407502144575119;0.42918798327445984;0.7443192005157471;0.09388419985771179;0.427273690700531;0.7642476558685303;-0.09389292448759079;0.5180555582046509;0.7540931105613708;0.13994379341602325;0.5213274359703064;0.7765651345252991;-0.10636857151985168;0.4983017921447754;0.5185115754604339;-0.05021110326051712;0.49377550184726715;0.7054563611745834;-0.01474288763711229;0.4982757419347763;0.7109193652868271;0.01993822120130062;0.5215868751207987;0.9172559380531311;0.1951276659965515;0.534271776676178;0.954232374827067;-0.02061654596279065;sentandose;lado
2.4;0.4911786913871765;0.5316251516342163;-0.049338147044181824;0.45429617166519165;0.5788136720657349;0.10936889052391052;0.4506005644798279;0.5916752219200134;-0.1619928777217865;0.4437005817890167;0.6908349990844727;0.10408609360456467;0.4314109981060028;0.7104562520980835;-0.13048051297664642;0.43068715929985046;0.7494401335716248;0.09180281311273575;0.42704692482948303;0.7663602232933044;-0.09180527925491333;0.5182915925979614;0.7561812996864319;0.14090818166732788;0.5216151475906372;0.7749556303024292;-0.10905525088310242;0.49015404284000397;0.5124088943004608;-0.03422528449445963;0.49325069040060043;0.7086217999458313;-0.03057510405778885;0.49518192559480667;0.7090021073818207;0.016997236758470535;0.5183308919270834;0.9186676939328512;0.20004534721374512;0.5347362955411276;0.9522813359896342;-0.018171905539929867;sentandose;lado
2.43;0.4823622405529022;0.5254120230674744;-0.054804641753435135;0.4470675587654114;0.5787307620048523;0.10898112505674362;0.44423559308052063;0.5891827344894409;-0.16821151971817017;0.4434821307659149;0.6900941133499146;0.11876736581325531;0.427748441696167;0.7097687125205994;-0.13122543692588806;0.43105167150497437;0.7497861385345459;0.09218291193246841;0.4276002049446106;0.7675220966339111;-0.09214545786380768;0.5176478624343872;0.7570208311080933;0.16644151508808136;0.5218038558959961;0.77560955286026;-0.10447507351636887;0.4815083920955658;0.5064643859863281;-0.039516643062233923;0.49022021889686584;0.7073450684547424;0.009620706317946315;0.49351900070905685;0.7098008096218109;-0.04314774554222822;0.5154946545759836;0.9149836897850037;0.2555730591217677;0.5368858973185221;0.9522712230682373;-0.027967511986692745;sentandose;lado
2.47;0.4766901135444641;0.5218541622161865;-0.045462362468242645;0.44214928150177;0.5785062313079834;0.11250274628400803;0.4368436336517334;0.5870715379714966;-0.15940742194652557;0.44192761182785034;0.688499391078949;0.12319517135620117;0.4259216785430908;0.7093150019645691;-0.14341437816619873;0.4317510426044464;0.7486202120780945;0.09112396091222763;0.4275680184364319;0.7678594589233398;-0.09101585298776627;0.516353189945221;0.7565672993659973;0.13251712918281555;0.5218786001205444;0.7743070125579834;-0.09710592031478882;0.47498494684696196;0.5024186551570893;-0.02984681325033307;0.4884926453232765;0.706849530339241;0.01879237894900143;0.4914354532957077;0.7103112936019897;-0.055017925798892975;0.5130299031734467;0.9179127216339111;0.19464389979839325;0.53713987270991;0.9516880909601847;-0.016668586370845635;sentandose;lado
2.5;0.46976256370544434;0.5197705626487732;-0.04134943336248398;0.4355618953704834;0.578313946723938;0.11166701465845108;0.4335342049598694;0.5849403738975525;-0.15381333231925964;0.4386703670024872;0.6862791180610657;0.12689752876758575;0.4250623881816864;0.7090534567832947;-0.14632204174995422;0.43214714527130127;0.7472192049026489;0.08703930675983429;0.42731064558029175;0.7687959671020508;-0.08687733113765717;0.5156158804893494;0.7476059198379517;0.12317310273647308;0.5216444134712219;0.7735554575920105;-0.09617217630147934;0.4683887451887131;0.4999806821346283;-0.026400320697575808;0.4871678203344345;0.7071848809719086;0.04179143067449331;0.49071789532899857;0.711877316236496;-0.06253674440085888;0.514128585656484;0.9158217906951904;0.18119501570860544;0.5374736785888672;0.9513996839523315;-0.01991977666815122;sentandose;lado
2.53;0.4648291766643524;0.5221883654594421;-0.0417453832924366;0.433206707239151;0.5778914093971252;0.11164674907922745;0.4293873608112335;0.583552360534668;-0.15610407292842865;0.4387222230434418;0.6820562481880188;0.13209140300750732;0.42422670125961304;0.7088798880577087;-0.14770548045635223;0.4330808222293854;0.7458206415176392;0.08660125732421875;0.4270331561565399;0.7686680555343628;-0.08644208312034607;0.5156490802764893;0.743644118309021;0.09743517637252808;0.5215732455253601;0.7732682824134827;-0.09748181700706482;0.46395433843135836;0.5008434236049653;-0.026969366474077106;0.4867880344390869;0.707091212272644;0.0627560243010521;0.4885912835597992;0.7139266580343246;-0.08219189383089542;0.5166230201721191;0.922937830289205;0.13334683577219644;0.5373049775759379;0.9511345426241556;-0.029619129995505016;sentandose;lado
2.57;0.4594291150569916;0.5219429731369019;-0.02917511761188507;0.4298161268234253;0.5773729681968689;0.11763983964920044;0.4266490936279297;0.5836452841758728;-0.1445784866809845;0.4383903741836548;0.6755579710006714;0.15078923106193542;0.42331674695014954;0.7087646722793579;-0.1476731151342392;0.4337618052959442;0.7449575066566467;0.08661254495382309;0.426814466714859;0.7688044309616089;-0.08646175265312195;0.5159009695053101;0.7399006485939026;0.09327919781208038;0.5216288566589355;0.770991861820221;-0.09782300144433975;0.4579785197973251;0.5001138776540757;-0.014133557886816561;0.48610398918390274;0.707132488489151;0.09147774986922741;0.4878150001168251;0.7164043039083481;-0.09157125651836395;0.517563005288442;0.924787700176239;0.12649243076642355;0.5377945899963379;0.95091712474823;-0.032484618946909904;sentandose;lado
2.6;0.4554959833621979;0.5200647115707397;-0.03705940768122673;0.4279908537864685;0.5768042802810669;0.11743048578500748;0.42224445939064026;0.5837938189506531;-0.15395280718803406;0.43852317333221436;0.6739903092384338;0.15208956599235535;0.42282843589782715;0.7087173461914062;-0.1596812605857849;0.43388864398002625;0.7444278597831726;0.08688310533761978;0.4259001910686493;0.7692127823829651;-0.08675513416528702;0.51594477891922;0.74190753698349;0.09432746469974518;0.5219550728797913;0.7682720422744751;-0.10057871043682098;0.453504353761673;0.4986670523881912;-0.021441051983856596;0.4879908561706543;0.7083793878555298;0.0828271172940731;0.48753736168146133;0.7174549102783203;-0.10507866367697716;0.5262236396471659;0.9325833717981974;0.12906868755817413;0.5373050769170126;0.9500197966893514;-0.027917228639125824;sentandose;lado
2.63;0.4519117772579193;0.5173224210739136;-0.017967436462640762;0.42406776547431946;0.5756179094314575;0.13545329868793488;0.4205847382545471;0.5835148096084595;-0.1444646567106247;0.4366826117038727;0.6725708246231079;0.17108464241027832;0.42180609703063965;0.7081722617149353;-0.15054118633270264;0.4339669644832611;0.7443897128105164;0.09005827456712723;0.42612817883491516;0.7692238688468933;-0.08995956182479858;0.5178583860397339;0.7430570721626282;0.0982939675450325;0.5234670042991638;0.7645976543426514;-0.10336451232433319;0.44954761266708376;0.49596509635448455;-0.0012436055762009347;0.48723603785037994;0.7081719487905502;0.10087884776294231;0.4866739884018898;0.7175087481737137;-0.08525890484452248;0.5259066422780355;0.9360531369845072;0.1370116819938024;0.5368800361951193;0.9497839609781901;-0.02600042273600896;sentandose;lado
2.67;0.44842809438705444;0.5158239603042603;-0.029436292126774788;0.4234637916088104;0.5745624303817749;0.12954623997211456;0.4177866280078888;0.5836071372032166;-0.15089233219623566;0.43818897008895874;0.669689953327179;0.1594703495502472;0.4221373200416565;0.7079505324363708;-0.15418115258216858;0.4343450367450714;0.7440246343612671;0.09029632061719894;0.42578834295272827;0.7687810659408569;-0.0902017131447792;0.5190054774284363;0.743719756603241;0.09491722285747528;0.5237071514129639;0.7649330496788025;-0.10456179827451706;0.44567571878433226;0.49466112852096555;-0.013523214682936668;0.48757366091012955;0.707957848906517;0.0854901410639286;0.4864509552717209;0.7181570529937744;-0.09469774924218655;0.527016282081604;0.9357908964157104;0.13190628091494241;0.5363619724909464;0.9506006836891174;-0.026452522724866867;sentandose;lado
2.7;0.4450058341026306;0.5152899622917175;-0.030787404626607895;0.42076772451400757;0.5732923150062561;0.12564067542552948;0.41531795263290405;0.5829623341560364;-0.1499505192041397;0.438242644071579;0.668964147567749;0.15528559684753418;0.42180806398391724;0.7062941789627075;-0.15394708514213562;0.434549480676651;0.7436713576316833;0.090315081179142;0.42594799399375916;0.7684451937675476;-0.0902252197265625;0.5187281966209412;0.743645429611206;0.09893140196800232;0.5241942405700684;0.7649853229522705;-0.1045154258608818;0.44185866713523864;0.4941011697053909;-0.015196502767503261;0.48776109516620636;0.7080876231193542;0.0781291052699089;0.4856842830777168;0.7185583859682083;-0.09386907517910004;0.5253314177195231;0.9345987240473429;0.14018387099107107;0.5358562270800272;0.9520877997080485;-0.02662593685090542;sentandose;lado
2.73;0.4428339898586273;0.5132133960723877;-0.0227001141756773;0.4180799424648285;0.5726062059402466;0.1323680579662323;0.4131713807582855;0.5822849869728088;-0.14776156842708588;0.43717318773269653;0.6677299737930298;0.16823403537273407;0.4217492938041687;0.7058360576629639;-0.15288427472114563;0.4347350597381592;0.7436696290969849;0.09318296611309052;0.42602887749671936;0.7686302661895752;-0.09311407059431076;0.5187019109725952;0.7438114285469055;0.10149844735860825;0.5248943567276001;0.763717770576477;-0.10698171705007553;0.43916220366954806;0.49264647662639616;-0.006604752130806446;0.4866550788283348;0.706990510225296;0.09783860482275486;0.48595888912677765;0.7186509668827057;-0.09082617983222008;0.525149424870809;0.9354345599810282;0.14090847969055176;0.5353828072547913;0.9524208704630533;-0.027834199989835422;sentandose;lado
2.77;0.4402257800102234;0.5117279291152954;-0.027749165892601013;0.41626161336898804;0.5721285343170166;0.12903942167758942;0.41153305768966675;0.5823721289634705;-0.1502130925655365;0.436849445104599;0.6676320433616638;0.161873459815979;0.42192891240119934;0.7057094573974609;-0.15707050263881683;0.4347400367259979;0.7435753345489502;0.09339166432619095;0.4260696470737457;0.7684892416000366;-0.09332787245512009;0.5184026956558228;0.7450180053710938;0.10240910202264786;0.5253525972366333;0.7615131139755249;-0.10852062702178955;0.43577282726764677;0.49192958474159243;-0.011910685448674485;0.4857691153883934;0.7068514972925186;0.08696151152253151;0.4854517951607704;0.7187373787164688;-0.09961573593318462;0.5245872735977173;0.9312198559443156;0.14213536183039346;0.5316274762153625;0.9525232315063477;-0.027592259148756664;sentandose;lado
2.8;0.43845152854919434;0.5101819634437561;-0.028750453144311905;0.4153728783130646;0.5720598101615906;0.12719501554965973;0.41043663024902344;0.5823660492897034;-0.15471751987934113;0.4368782639503479;0.6679269075393677;0.15922565758228302;0.42245298624038696;0.7052491903305054;-0.1653439700603485;0.43466800451278687;0.743899405002594;0.09460953623056412;0.4261302649974823;0.7684420347213745;-0.09455054998397827;0.5183994174003601;0.7451711297035217;0.10267669707536697;0.5256054997444153;0.7598140239715576;-0.10884975641965866;0.43408975899219515;0.49092140793800354;-0.01348795611411333;0.4859633073210716;0.7066820561885834;0.08335542306303978;0.4857812076807022;0.7185912877321243;-0.10811889357864857;0.5242521166801453;0.9307678739229838;0.14315585792064667;0.5278400182723999;0.9526707331339518;-0.02062605693936348;sentandose;lado
2.83;0.43658700585365295;0.5095450282096863;-0.029631255194544792;0.4119042456150055;0.5721719264984131;0.12978552281856537;0.41053810715675354;0.582124650478363;-0.15564417839050293;0.43435966968536377;0.6682850122451782;0.15958479046821594;0.42272642254829407;0.7039528489112854;-0.1649007797241211;0.43296703696250916;0.7448818683624268;0.0954287126660347;0.42622998356819153;0.7680380344390869;-0.0953647717833519;0.5172860026359558;0.7518847584724426;0.10124343633651733;0.5255883932113647;0.7587225437164307;-0.11061637848615646;0.43205018639564513;0.49020311832427976;-0.013916917564347386;0.4846143424510956;0.7067937701940536;0.08769568800926208;0.48630838096141815;0.7182489931583405;-0.10141688399016857;0.5240532557169596;0.929883599281311;0.1401466727256775;0.5233666698137919;0.9520464738210043;-0.020856546858946483;sentandose;lado
2.87;0.43466717004776;0.5096181631088257;-0.03871730715036392;0.41012510657310486;0.5723777413368225;0.12622284889221191;0.41012871265411377;0.5819812417030334;-0.1678924560546875;0.4322510063648224;0.6685267090797424;0.15333643555641174;0.42295628786087036;0.7021691799163818;-0.1782032698392868;0.43166226148605347;0.745917022228241;0.09625273197889328;0.4262857139110565;0.7678897380828857;-0.09619344025850296;0.5161629319190979;0.753909707069397;0.10212437063455582;0.5249713063240051;0.7591225504875183;-0.11069608479738235;0.43032473623752593;0.49007234275341033;-0.022968581444001757;0.4835910052061081;0.7070220708847046;0.08328365907073021;0.4868256226181984;0.7181466519832611;-0.11665867082774639;0.5232698520024618;0.9286093314488729;0.1420633445183436;0.5206789970397949;0.9508757789929708;-0.015388671308755875;sentandose;lado
2.9;0.43304386734962463;0.5092992186546326;-0.037643034011125565;0.40751585364341736;0.5729413628578186;0.12826116383075714;0.41017064452171326;0.5814208984375;-0.16707219183444977;0.4293639659881592;0.6701840162277222;0.15306228399276733;0.42308756709098816;0.7005437016487122;-0.17475499212741852;0.42867812514305115;0.7485606074333191;0.09750159829854965;0.42657870054244995;0.7676383852958679;-0.09744109958410263;0.5154904127120972;0.7573074698448181;0.10419318079948425;0.5245493650436401;0.75896155834198;-0.11190569400787354;0.42873280346393583;0.4896370589733124;-0.02134558147517964;0.4816483110189438;0.7093390375375748;0.07946487329900265;0.4871833994984627;0.7185048311948776;-0.10629362426698208;0.5224418838818868;0.9291797280311584;0.14332729578018188;0.5189839700857798;0.9499601721763611;-0.013215170940384269;sentandose;lado
2.93;0.43219873309135437;0.5083258748054504;-0.04378381744027138;0.4065248370170593;0.5732010006904602;0.12248054891824722;0.40944474935531616;0.5811970829963684;-0.17313620448112488;0.4265722632408142;0.6725553274154663;0.1403053253889084;0.4233781397342682;0.6993246078491211;-0.17932064831256866;0.42785269021987915;0.7488548159599304;0.09798308461904526;0.4266500174999237;0.7676069140434265;-0.09792262315750122;0.5154578685760498;0.755671501159668;0.11274242401123047;0.52402663230896;0.7592767477035522;-0.1107783317565918;0.4277398675680161;0.48873109221458433;-0.02768780500628054;0.47924722731113434;0.7123341113328934;0.054739818908274174;0.48708727210760117;0.718530535697937;-0.10501210950314999;0.5208402474721273;0.9272541205088297;0.1657204826672872;0.5193650821844736;0.949747105439504;-0.008771836796465019;sentandose;lado
2.97;0.43135881423950195;0.5080944895744324;-0.04617048054933548;0.40604251623153687;0.57325279712677;0.11935500055551529;0.4087150990962982;0.5809641480445862;-0.17564478516578674;0.4236893951892853;0.673846423625946;0.13758140802383423;0.42346635460853577;0.6990870237350464;-0.1823483556509018;0.4279722571372986;0.7487602233886719;0.09845998883247375;0.4266945719718933;0.7675674557685852;-0.09840194880962372;0.5154478549957275;0.7547451853752136;0.11437517404556274;0.5238916277885437;0.7594259977340698;-0.11043969541788101;0.42691417336463927;0.48849686682224275;-0.030142867751419545;0.4778764694929123;0.7144738584756851;0.05184573959559202;0.48658011853694916;0.7187706381082535;-0.10728016309440136;0.5193970998128256;0.9273068904876709;0.16810016334056854;0.5193798045317332;0.9496238231658936;-0.007934865852197012;sentandose;lado
3.0;0.43035587668418884;0.5081779360771179;-0.04534706100821495;0.40548059344291687;0.5732689499855042;0.11944719403982162;0.4089161455631256;0.5807750225067139;-0.17474153637886047;0.42257919907569885;0.6740110516548157;0.13952699303627014;0.423617959022522;0.6990030407905579;-0.1817636638879776;0.4279020130634308;0.7486645579338074;0.09857697784900665;0.4267338216304779;0.7675399780273438;-0.09851675480604172;0.5154631733894348;0.7544671893119812;0.11433731764554977;0.5237159729003906;0.7596250772476196;-0.10941994935274124;0.42597577571868894;0.4883861631155014;-0.029426748305559157;0.4762572795152664;0.7141867280006409;0.056042720563709736;0.48601286858320236;0.7190186232328415;-0.10747940838336945;0.5194828708966573;0.9265804886817932;0.1677060822645823;0.5193288922309875;0.9495682915051779;-0.007126677587317924;sentandose;lado
3.03;0.42995837330818176;0.5083836913108826;-0.046338845044374466;0.40384671092033386;0.5737007260322571;0.11879761517047882;0.40960782766342163;0.5806728005409241;-0.17640502750873566;0.42039257287979126;0.6743420958518982;0.1378144919872284;0.42384839057922363;0.6984270811080933;-0.18204860389232635;0.4268872141838074;0.7496793270111084;0.09945549815893173;0.42772793769836426;0.7675256729125977;-0.09940558671951294;0.5146079659461975;0.7538393139839172;0.1266682893037796;0.5237085223197937;0.7596914768218994;-0.10770486295223236;0.4258780121803284;0.4884523630142212;-0.030330883478745817;0.47225436568260193;0.7182656824588776;0.052198185585439205;0.48595719039440155;0.7189934700727463;-0.10548117011785507;0.5187287529309591;0.9248708486557007;0.18893015881379446;0.5195342699686686;0.9487493435541788;0.004462972904245059;sentandose;lado
3.07;0.42981263995170593;0.5084964036941528;-0.048133183270692825;0.4033330976963043;0.5741134881973267;0.11754143983125687;0.4099348783493042;0.580683708190918;-0.17796649038791656;0.4198106825351715;0.6747516393661499;0.13625101745128632;0.423870325088501;0.6981008052825928;-0.1831192672252655;0.42674022912979126;0.7503383755683899;0.09992342442274094;0.42883285880088806;0.7675101161003113;-0.0998777449131012;0.5144335627555847;0.7528985142707825;0.13061094284057617;0.5237131118774414;0.759736955165863;-0.1044749766588211;0.4258725970983505;0.4884626567363739;-0.03208991643041372;0.47131863981485367;0.7198587208986282;0.04899836238473654;0.4856012985110283;0.71890027821064;-0.10469793155789375;0.5178378025690714;0.9244743784268697;0.1952625811100006;0.5195783078670502;0.9481847286224365;0.00956712500192225;sentandose;lado
3.1;0.430147647857666;0.5078898668289185;-0.05276447907090187;0.4039483368396759;0.5742084383964539;0.11359833925962448;0.409919410943985;0.5806912183761597;-0.18095864355564117;0.42084553837776184;0.6747468113899231;0.13204269111156464;0.4239487648010254;0.6979677677154541;-0.1861136257648468;0.4269874393939972;0.7501923441886902;0.09983448684215546;0.42903047800064087;0.7674626708030701;-0.09978669881820679;0.5144832730293274;0.7515125870704651;0.13133029639720917;0.5236844420433044;0.7598607540130615;-0.10037728399038315;0.42593889832496645;0.4879259943962097;-0.03693560967221856;0.4726594015955925;0.7193398326635361;0.041394705418497324;0.4852808639407158;0.7188083380460739;-0.10730865970253944;0.5171624024709066;0.9238384564717611;0.19781307379404703;0.5193303128083547;0.9484381874402364;0.012533892722179493;sentandose;lado
3.13;0.4304690361022949;0.5071130394935608;-0.05519474297761917;0.4041456878185272;0.574252724647522;0.11153121292591095;0.4099269509315491;0.5807105898857117;-0.1826549917459488;0.4214085042476654;0.6747000813484192;0.13066932559013367;0.4239839017391205;0.6978052258491516;-0.18704742193222046;0.42714133858680725;0.7500836253166199;0.09978946298360825;0.42913979291915894;0.7674256563186646;-0.0997396931052208;0.5144921541213989;0.7502983808517456;0.13128527998924255;0.5236837863922119;0.7599112391471863;-0.09880931675434113;0.42598117887973785;0.4873537302017212;-0.039538588188588616;0.4733569920063019;0.7181091457605362;0.040248761884868145;0.48501282185316086;0.7187597453594208;-0.10838349163532257;0.516939659913381;0.9232226014137268;0.19840007026990256;0.5191242794195811;0.9484831293423971;0.012013910377087692;sentandose;lado
3.17;0.4305894672870636;0.5065262913703918;-0.05378008633852005;0.4040391743183136;0.5742696523666382;0.11195854097604752;0.40991008281707764;0.5807071924209595;-0.1803356558084488;0.4213584065437317;0.6746187210083008;0.1331259161233902;0.4242177903652191;0.6975515484809875;-0.18527549505233765;0.4271848499774933;0.7500857710838318;0.09981635957956314;0.4292568266391754;0.7673957347869873;-0.09976453334093094;0.5145246386528015;0.7496782541275024;0.12923204898834229;0.5236837863922119;0.7598982453346252;-0.09934014827013016;0.425885072350502;0.48696227967739103;-0.038086321298033;0.4727689400315285;0.7175983190536499;0.04482970014214516;0.4848046153783798;0.7187705487012863;-0.10439745336771011;0.5170691212018331;0.9223666191101074;0.19359380503495535;0.5189752380053202;0.948474645614624;0.007938733557239175;sentandose;lado
3.2;0.43065983057022095;0.5059592723846436;-0.049177732318639755;0.40380552411079407;0.5743398070335388;0.11541592329740524;0.40990719199180603;0.5806369185447693;-0.17937853932380676;0.4207427203655243;0.6746921539306641;0.1341363936662674;0.42458876967430115;0.6971654295921326;-0.18261101841926575;0.4269390106201172;0.75045245885849;0.09977038949728012;0.4293355643749237;0.7673174142837524;-0.09971622377634048;0.5144432187080383;0.7496755123138428;0.12762467563152313;0.5236948728561401;0.7594650983810425;-0.099919393658638;0.4257967799901962;0.4866390317678452;-0.03317409344017506;0.4713745266199112;0.7179504483938217;0.04719489626586437;0.4847811535000801;0.7188313603401184;-0.09730884060263634;0.5171269774436951;0.9228357275327047;0.1895867884159088;0.5189244449138641;0.9483691255251566;0.005977185753484567;sentandose;lado
3.23;0.4307672679424286;0.5056110620498657;-0.0451027937233448;0.4037128984928131;0.5743535757064819;0.11858996003866196;0.4098745882511139;0.5805197358131409;-0.17724141478538513;0.42092570662498474;0.6748607754707336;0.13434286415576935;0.4251934587955475;0.6967121362686157;-0.17940247058868408;0.4266761541366577;0.750739336013794;0.0997711792588234;0.42939820885658264;0.7671444416046143;-0.0997147187590599;0.5143390893936157;0.749956488609314;0.12674716114997864;0.5236966013908386;0.75923091173172;-0.10028960555791855;0.42594071924686433;0.4864469289779663;-0.02881481181830168;0.4704858809709549;0.7189950495958328;0.04810346383601427;0.48479529470205307;0.719121977686882;-0.09209500066936016;0.5171894530455271;0.9234314759572347;0.18775797386964163;0.5189261933167776;0.9480964342753092;0.0056309569627046585;sentandose;lado
3.27;0.43083593249320984;0.5055273771286011;-0.042188629508018494;0.4036249816417694;0.5743227005004883;0.12192786484956741;0.4097493588924408;0.5803416967391968;-0.175750270485878;0.4211908280849457;0.6748572587966919;0.13627788424491882;0.4257011413574219;0.6965277791023254;-0.1786499321460724;0.4265393316745758;0.7507122755050659;0.09981091320514679;0.4293927252292633;0.7669394016265869;-0.09975210577249527;0.5143558382987976;0.7500610947608948;0.1255873143672943;0.5236990451812744;0.7589328289031982;-0.10185975581407547;0.4260888397693634;0.4863779455423355;-0.025580485607497393;0.4710795283317566;0.7191309481859207;0.04959902726113796;0.48476802557706833;0.7193710207939148;-0.09259240701794624;0.5172993342081705;0.9241233468055725;0.18454342583815256;0.518915851910909;0.9477484226226807;0.0053731018366913;sentandose;lado
3.3;0.430899053812027;0.5055317282676697;-0.040661342442035675;0.4035382866859436;0.5743024349212646;0.12398324906826019;0.4096945524215698;0.5801947116851807;-0.17497341334819794;0.42116668820381165;0.6749242544174194;0.138658344745636;0.42596137523651123;0.696418821811676;-0.17816059291362762;0.4265095293521881;0.7507913112640381;0.09997349977493286;0.42938944697380066;0.7668942213058472;-0.09991265088319778;0.5143719911575317;0.7506494522094727;0.12455861270427704;0.5236988663673401;0.7587236166000366;-0.10432092845439911;0.4261996001005173;0.4863480508327484;-0.02390801579458639;0.4705361947417259;0.7196235358715057;0.051455456763505936;0.48474211245775223;0.7195019125938416;-0.09213034063577652;0.5173752705256144;0.9245075186093649;0.18112758298714957;0.5189223190148672;0.9471108118693033;0.0046453955583274364;sentandose;lado
3.33;0.4309408664703369;0.505529522895813;-0.038536444306373596;0.4035748839378357;0.5742311477661133;0.12601296603679657;0.40968015789985657;0.5800654888153076;-0.17322857677936554;0.4211241900920868;0.6749259233474731;0.14119675755500793;0.4260944426059723;0.6962401866912842;-0.17628052830696106;0.42650464177131653;0.7508033514022827;0.10016590356826782;0.42938661575317383;0.7667735815048218;-0.10010191053152084;0.5143799185752869;0.7510449290275574;0.12335938215255737;0.5236919522285461;0.7586158514022827;-0.10496322810649872;0.4262463182210922;0.4863272190093994;-0.021767825179267675;0.4702628627419472;0.7205500155687332;0.053846098482608795;0.4845745787024498;0.7195964604616165;-0.0887603908777237;0.5174039900302887;0.9246710538864136;0.17962967852751413;0.5189037024974823;0.9470591346422831;0.002474162649984161;sentandose;lado
3.37;0.4309692084789276;0.5055335164070129;-0.03563188388943672;0.4035968780517578;0.5741901397705078;0.12802870571613312;0.4096849858760834;0.5799858570098877;-0.16996730864048004;0.42098942399024963;0.674908459186554;0.14376389980316162;0.4261312186717987;0.6960272192955017;-0.17188993096351624;0.42647585272789;0.7508602142333984;0.10022591054439545;0.42939493060112;0.7666223645210266;-0.10016126185655594;0.5143950581550598;0.751381516456604;0.12143567949533463;0.5236803889274597;0.7583385705947876;-0.10627920180559158;0.42627536654472353;0.4863324135541916;-0.01891189203597605;0.469979926943779;0.7205733954906464;0.057592831552028656;0.48430153727531433;0.7196240127086639;-0.08278712071478367;0.5174285471439362;0.9248380462328593;0.17549812297026315;0.5188710590203603;0.9466008146603903;-0.0006821023028654357;sentandose;lado
3.4;0.43096208572387695;0.5055598020553589;-0.036668602377176285;0.4035845100879669;0.5739416480064392;0.12704704701900482;0.40956050157546997;0.5798024535179138;-0.17016370594501495;0.42105332016944885;0.6748363971710205;0.14367736876010895;0.4261340796947479;0.6959044933319092;-0.1720103919506073;0.42644739151000977;0.7508510947227478;0.10022812336683273;0.42939293384552;0.7662361860275269;-0.10016276687383652;0.5143181681632996;0.7523272633552551;0.12136194854974747;0.5236791372299194;0.7583147883415222;-0.10538861155509949;0.42631075978279115;0.48633466362953187;-0.020140186976641418;0.4696459323167801;0.7199903279542923;0.056979003362357616;0.4841989204287529;0.7196564972400665;-0.08549582958221436;0.5174543559551239;0.9251112540562948;0.17598100006580353;0.5188982884089152;0.9464664657910665;-0.0002673506011584929;sentandose;lado
3.43;0.43095138669013977;0.5055663585662842;-0.03756852075457573;0.403550386428833;0.5737780332565308;0.12697343528270721;0.40946072340011597;0.5796757936477661;-0.1710205078125;0.42091667652130127;0.6747867465019226;0.14303679764270782;0.4261349141597748;0.6957720518112183;-0.17383868992328644;0.4263477325439453;0.7508314251899719;0.10031522065401077;0.4293863773345947;0.76595538854599;-0.10025027394294739;0.5141362547874451;0.7531625628471375;0.12161142379045486;0.5236735343933105;0.7583126425743103;-0.10470625013113022;0.4263373017311096;0.48631066977977755;-0.020879959722515197;0.46953313052654266;0.7200176417827606;0.05636856984347105;0.48412320017814636;0.7196927964687347;-0.08744411170482635;0.5173748433589935;0.9261815349260966;0.17801730831464133;0.5189196070035299;0.9464362661043803;0.00026737778292347986;sentandose;lado
3.47;0.4309289753437042;0.5055795907974243;-0.038082439452409744;0.4033985137939453;0.5736896991729736;0.12636777758598328;0.40937578678131104;0.5795627236366272;-0.17104198038578033;0.42062675952911377;0.6747661232948303;0.14282774925231934;0.42613860964775085;0.6957053542137146;-0.1742236614227295;0.42626550793647766;0.7508208751678467;0.10041948407888412;0.4293921887874603;0.7657725214958191;-0.10035661607980728;0.5138604640960693;0.753425657749176;0.12173236906528473;0.5236729979515076;0.7581753134727478;-0.1044837012887001;0.42632209658622744;0.48631468415260315;-0.02146988716558553;0.4692838788032532;0.720793828368187;0.05670659150928259;0.48411910980939865;0.7197148948907852;-0.08804846182465553;0.5171621938546499;0.9262734254201254;0.17870967090129852;0.5189235707124075;0.9464637835820516;-0.0003309631817198048;sentandose;lado
3.5;0.4308854341506958;0.5055858492851257;-0.04091529920697212;0.40331992506980896;0.5734667181968689;0.12487948685884476;0.40926599502563477;0.5793283581733704;-0.1737610250711441;0.4203331172466278;0.6747257113456726;0.14227743446826935;0.42602503299713135;0.6956571340560913;-0.17944474518299103;0.4262623190879822;0.7508116364479065;0.10052940994501114;0.42944446206092834;0.7656432390213013;-0.10046893358230591;0.513768196105957;0.7535321116447449;0.123372383415699;0.5236703157424927;0.7580851912498474;-0.10294046998023987;0.4263178199529648;0.4862927168607712;-0.024212094582617284;0.46856115013360977;0.72002013027668;0.056064740754663944;0.4840879961848259;0.7197209149599075;-0.09729443304240704;0.5171208182970682;0.9262991348902384;0.18369212249914804;0.5189338823159536;0.94638458887736;0.001564000655586521;sentandose;lado
3.53;0.4307228922843933;0.5055953860282898;-0.04427563026547432;0.40309906005859375;0.573377788066864;0.12182646244764328;0.40919193625450134;0.579168438911438;-0.17603030800819397;0.41754087805747986;0.6747733950614929;0.14018447697162628;0.4259037375450134;0.6955245733261108;-0.18276344239711761;0.42622894048690796;0.750804603099823;0.1005910262465477;0.4295327961444855;0.7652563452720642;-0.10053321719169617;0.5136483311653137;0.7535561323165894;0.12618859112262726;0.5236700177192688;0.7579482197761536;-0.10093272477388382;0.4262507051229477;0.4862917184829712;-0.027717771474272013;0.4669937193393707;0.7212151885032654;0.05415325425565243;0.48406408727169037;0.7196830213069916;-0.10299571417272091;0.5169780155022939;0.926243007183075;0.1896845797697703;0.5189289152622223;0.9462907512982687;0.0045608098929127055;sentandose;lado
3.57;0.43062084913253784;0.5056125521659851;-0.04515819624066353;0.4029330909252167;0.5732775330543518;0.12073719501495361;0.40913718938827515;0.578940212726593;-0.1767982691526413;0.41606196761131287;0.6747751235961914;0.13912223279476166;0.4258180558681488;0.6952985525131226;-0.18393820524215698;0.4261986315250397;0.7507827281951904;0.10066226124763489;0.42976051568984985;0.7646549344062805;-0.1006060242652893;0.5133037567138672;0.753911018371582;0.1270681470632553;0.5236412882804871;0.7578315138816833;-0.10079807043075562;0.4262120723724365;0.4862920671701431;-0.02867607227526605;0.46455611288547516;0.722366213798523;0.0536150811240077;0.48406214267015457;0.7195839732885361;-0.10539677366614342;0.5169724524021149;0.9257540901501974;0.19080771009127298;0.5189575751622518;0.9456395506858826;0.004758210697521766;sentandose;lado
3.6;0.43053120374679565;0.505622148513794;-0.0493013858795166;0.4028911888599396;0.5731702446937561;0.11572017520666122;0.40902531147003174;0.5788249373435974;-0.17900343239307404;0.4158325493335724;0.674773633480072;0.13332565128803253;0.4256731867790222;0.6951886415481567;-0.18612290918827057;0.42619743943214417;0.7507020235061646;0.10061372071504593;0.42983853816986084;0.7643353939056396;-0.10055866092443466;0.5131649971008301;0.7539011240005493;0.12864747643470764;0.5235974192619324;0.757815420627594;-0.09840857237577438;0.4261800229549408;0.48629569113254545;-0.03301536347717047;0.464767262339592;0.7228802442550659;0.04686393588781357;0.48406407982110977;0.7194098383188248;-0.10828284174203873;0.5169740517934164;0.9243423541386923;0.19462881982326508;0.5189946591854095;0.945137600104014;0.008151199241789678;sentandose;lado
3.63;0.4304392337799072;0.5056281089782715;-0.04951787739992142;0.40285545587539673;0.5731473565101624;0.11503349244594574;0.40890586376190186;0.5787916779518127;-0.17883092164993286;0.41596370935440063;0.6747408509254456;0.13281136751174927;0.42560523748397827;0.6951133608818054;-0.18548521399497986;0.426124632358551;0.7507034540176392;0.10051795840263367;0.4299224019050598;0.7641427516937256;-0.10046494007110596;0.5131435990333557;0.7544006705284119;0.12969805300235748;0.5235708951950073;0.7578173279762268;-0.09649267047643661;0.4261249452829361;0.4862980395555496;-0.033268284145742656;0.46512550860643387;0.7229073643684387;0.04719786439090967;0.4840809628367424;0.7192387133836746;-0.10726392641663551;0.5169734259446462;0.9241657058397929;0.19582756360371908;0.5190688669681549;0.9449964761734009;0.010845605322780708;sentandose;lado
3.67;0.4303944706916809;0.5056326985359192;-0.04931465908885002;0.40282317996025085;0.5730761289596558;0.11482775956392288;0.40884897112846375;0.5787521004676819;-0.17860640585422516;0.4160524904727936;0.6746874451637268;0.13244818150997162;0.42559999227523804;0.6951058506965637;-0.1851430982351303;0.42609626054763794;0.750666618347168;0.1003318652510643;0.42996659874916077;0.764000654220581;-0.10028007626533508;0.513113260269165;0.7545273303985596;0.1295122355222702;0.5235586166381836;0.7578188180923462;-0.0961877778172493;0.4260956197977066;0.4862824082374573;-0.033022519573569296;0.46539293229579926;0.7228557169437408;0.04734852630645037;0.4841913804411888;0.7190666347742081;-0.10693934559822083;0.5172041853268942;0.9239718914031982;0.19486554463704428;0.5191072920958201;0.944864551226298;0.011611409136094153;sentandose;lado
3.7;0.430361270904541;0.5056319832801819;-0.05032259225845337;0.4027945399284363;0.5728424787521362;0.11407972872257233;0.4086936116218567;0.5786389112472534;-0.1793973296880722;0.41643062233924866;0.6743725538253784;0.1316160410642624;0.42551878094673157;0.6949775218963623;-0.18687690794467926;0.4260963797569275;0.7505046129226685;0.10028547048568726;0.43001589179039;0.7637172937393188;-0.1002340018749237;0.5130994319915771;0.7546738386154175;0.1306084245443344;0.5235512256622314;0.7578221559524536;-0.09542851150035858;0.42604459524154664;0.48623373806476594;-0.03399053374305368;0.46585699915885925;0.721160352230072;0.046069568023085594;0.4844217225909233;0.7188475430011749;-0.11048649810254574;0.5173348784446716;0.923745850721995;0.19750128189722696;0.5191801885763804;0.9447033802668253;0.014488848159089684;sentandose;lado
3.73;0.43034887313842773;0.5055545568466187;-0.05476323142647743;0.4027611017227173;0.57277512550354;0.10989636182785034;0.40867358446121216;0.5786084532737732;-0.18211494386196136;0.41657811403274536;0.6742028594017029;0.12779691815376282;0.42551207542419434;0.6948395371437073;-0.1900750696659088;0.4260936677455902;0.7502700686454773;0.10017920285463333;0.43010854721069336;0.763455331325531;-0.10012985020875931;0.5130123496055603;0.7544372081756592;0.13392460346221924;0.5235381722450256;0.7578302025794983;-0.09355040639638901;0.4259922742843628;0.48612138330936433;-0.03871117811650038;0.46626727283000946;0.720253199338913;0.04210955882444978;0.48480527848005295;0.7184906750917435;-0.11679849028587341;0.5173494418462118;0.9226514101028442;0.2048963854710261;0.5192582309246063;0.9445286393165588;0.019012128313382465;sentandose;lado
3.77;0.43033674359321594;0.5054749250411987;-0.05606419965624809;0.40273940563201904;0.5726006627082825;0.1089138388633728;0.4086635112762451;0.5785071849822998;-0.18341274559497833;0.4170789420604706;0.674014687538147;0.1270354688167572;0.4255114495754242;0.6947785019874573;-0.19266001880168915;0.42609599232673645;0.7499862909317017;0.10004395246505737;0.4301404654979706;0.7632868885993958;-0.09999662637710571;0.5130070447921753;0.7539379596710205;0.13442999124526978;0.5235264897346497;0.7578277587890625;-0.0930992141366005;0.4259641170501709;0.48600341081619264;-0.039974294044077395;0.46697133034467697;0.7187254875898361;0.0411493144929409;0.48516998440027237;0.7182301133871078;-0.12200494669377804;0.5173928141593933;0.9219099680582682;0.20518851280212402;0.5193097690741221;0.9444739023844401;0.019545647005240124;sentandose;lado
3.8;0.43033456802368164;0.5053203105926514;-0.05549885705113411;0.4027825891971588;0.5723298192024231;0.10935188829898834;0.4086230993270874;0.5784810185432434;-0.1831042468547821;0.41844263672828674;0.6735073328018188;0.1276797205209732;0.4255219101905823;0.6947271823883057;-0.1921997368335724;0.426194965839386;0.7494659423828125;0.09981002658605576;0.43014371395111084;0.76318359375;-0.09976186603307724;0.5130383372306824;0.7539358139038086;0.13436903059482574;0.5235242247581482;0.7578247785568237;-0.093716561794281;0.42594670653343203;0.48580696880817414;-0.03935729321092367;0.469719722867012;0.7170311212539673;0.04239483829587698;0.4857521057128906;0.7180776745080948;-0.12125349789857864;0.517474909623464;0.9218716025352478;0.20292128125826517;0.5193412899971008;0.9444011449813843;0.01774557710935672;sentandose;lado
3.83;0.43031349778175354;0.50508713722229;-0.05475166067481041;0.4028179943561554;0.572091281414032;0.1102101132273674;0.408556193113327;0.5784761309623718;-0.18280507624149323;0.4198745787143707;0.672663688659668;0.12977814674377441;0.42555394768714905;0.6946590542793274;-0.1925489902496338;0.4262728691101074;0.7491517663002014;0.09976713359355927;0.4301646947860718;0.7631039023399353;-0.09972018748521805;0.5130130052566528;0.7542814612388611;0.13377608358860016;0.5235239267349243;0.7575898766517639;-0.09413885325193405;0.4258881986141205;0.4855887621641159;-0.03858311381191015;0.4716762453317642;0.7155449092388153;0.05060166586190462;0.4861364811658859;0.717949628829956;-0.12478136271238327;0.517522931098938;0.9219199220339457;0.20135951042175293;0.5193910102049509;0.9439457257588705;0.017090854079773028;sentandose;lado
